bloco_MB,teste,alloc_ms,write_ms,read_ms,free_ms,total_ms,sistema
100,1,29.931624,36.640108,208.924785,2.291365,277.787882,Linux
100,2,29.294857,36.115602,208.331749,1.843875,275.586083,Linux
100,3,29.060730,36.000088,208.338180,1.989665,275.388663,Linux
100,4,29.058987,35.979831,208.427380,1.823972,275.290170,Linux
100,5,29.089251,36.262486,208.515167,1.843206,275.710110,Linux
100,6,29.065705,35.872886,208.309789,1.816969,275.065349,Linux
100,7,29.084320,35.854810,208.463844,1.935878,275.338852,Linux
100,8,29.146678,36.310874,208.350533,1.821036,275.629121,Linux
100,9,29.086220,35.880537,208.329259,1.844162,275.140178,Linux
100,10,29.093148,35.870122,208.368283,1.805345,275.136898,Linux
100,11,29.080674,35.950417,208.361758,1.957227,275.350076,Linux
100,12,29.059710,35.969679,208.364540,1.810735,275.204664,Linux
100,13,29.023413,35.795234,208.372628,1.807986,274.999261,Linux
100,14,29.014556,35.891907,208.293090,1.958274,275.157827,Linux
100,15,29.088354,36.158861,208.707667,1.821226,275.776108,Linux
100,16,29.220074,35.959771,208.484909,1.831794,275.496548,Linux
100,17,29.120244,35.913649,208.347411,1.811890,275.193194,Linux
100,18,29.096640,35.928492,208.420947,1.960363,275.406442,Linux
100,19,29.160536,35.921856,208.489964,1.806534,275.378890,Linux
100,20,29.151282,35.856698,208.342417,1.828407,275.178804,Linux
100,21,29.070953,35.847734,208.311112,1.942505,275.172304,Linux
100,22,29.061176,35.857904,208.570752,1.831901,275.321733,Linux
100,23,29.109298,35.846071,208.293853,1.811116,275.060338,Linux
100,24,29.101264,35.826266,208.413581,1.822006,275.163117,Linux
100,25,29.160935,35.840987,208.343682,1.920102,275.265706,Linux
100,26,29.190377,36.052522,208.425369,1.830182,275.498450,Linux
100,27,29.036816,36.004152,208.360474,1.813907,275.215349,Linux
100,28,29.161294,35.795560,208.346819,1.815189,275.118862,Linux
100,29,29.145917,36.190220,208.592586,1.978596,275.907319,Linux
100,30,29.246734,35.946810,208.407551,1.817752,275.418847,Linux
100,31,29.150186,35.973756,208.394673,1.814499,275.333114,Linux
100,32,29.208662,35.933123,208.500125,1.934726,275.576636,Linux
100,33,29.138438,35.967898,208.606237,1.847932,275.560505,Linux
100,34,29.169442,35.895288,208.878142,1.857581,275.800453,Linux
100,35,29.106547,35.878486,208.601923,1.839598,275.426554,Linux
100,36,29.152520,35.890550,208.402950,1.958108,275.404128,Linux
100,37,29.524019,36.143564,208.396674,1.790520,275.854777,Linux
100,38,28.985374,35.849705,208.379809,1.783397,274.998285,Linux
100,39,29.044134,35.949525,208.328010,1.790737,275.112406,Linux
100,40,29.119959,35.964067,208.395801,1.848807,275.328634,Linux
100,41,29.013086,35.887385,208.404998,1.791892,275.097361,Linux
100,42,29.048917,35.909789,208.378337,1.775759,275.112802,Linux
100,43,28.954031,36.075158,208.349538,1.899660,275.278387,Linux
100,44,29.050282,35.950706,208.445160,1.797752,275.243900,Linux
100,45,29.123354,35.902800,208.364011,1.797949,275.188114,Linux
100,46,29.023335,35.862712,208.388722,1.786941,275.061710,Linux
100,47,29.033114,35.855058,208.438797,2.298876,275.625845,Linux
100,48,29.075934,36.249281,208.365094,1.786354,275.476663,Linux
100,49,29.031296,36.178354,208.418163,1.799175,275.426988,Linux
100,50,29.034563,35.959930,208.398980,1.775530,275.169003,Linux
100,51,29.044910,35.886921,208.723316,1.940232,275.595379,Linux
100,52,29.243912,36.071817,208.632070,1.814575,275.762374,Linux
100,53,29.025507,35.954817,208.271518,1.782668,275.034510,Linux
100,54,29.108698,36.103153,208.326853,1.908422,275.447126,Linux
100,55,29.007665,36.140416,208.383266,1.787151,275.318498,Linux
100,56,29.009146,36.031150,208.352584,1.789865,275.182745,Linux
100,57,28.998953,36.018794,208.284259,1.795007,275.097013,Linux
100,58,29.030863,35.968141,208.395162,1.932586,275.326752,Linux
100,59,29.063133,36.040647,208.328961,1.787539,275.220280,Linux
100,60,29.042461,35.937307,208.324840,1.799915,275.104523,Linux
100,61,29.019103,35.889568,208.330675,1.913827,275.153173,Linux
100,62,29.037423,36.055571,208.439644,1.795391,275.328029,Linux
100,63,29.006299,35.994273,208.493100,1.792565,275.286237,Linux
100,64,29.026168,36.092019,208.355892,1.791181,275.265260,Linux
100,65,28.960194,36.079400,208.304398,1.927764,275.271756,Linux
100,66,29.596479,36.546784,208.354798,1.799761,276.297822,Linux
100,67,29.101970,36.303561,208.320118,1.795240,275.520889,Linux
100,68,29.108672,36.077030,208.379687,1.887911,275.453300,Linux
100,69,29.114739,36.065788,208.733743,1.944511,275.858781,Linux
100,70,29.182760,36.148520,208.612656,1.843204,275.787140,Linux
100,71,29.098040,36.053045,208.338464,1.817687,275.307236,Linux
100,72,29.074630,35.981651,208.326872,1.923817,275.306970,Linux
100,73,29.056559,36.102954,208.508790,1.789032,275.457335,Linux
100,74,29.085660,36.012163,208.515469,2.299439,275.912731,Linux
100,75,30.119771,36.254136,210.345772,1.861647,278.581326,Linux
100,76,29.224381,35.820964,209.426519,2.387692,276.859556,Linux
100,77,29.475222,36.267374,208.385743,1.855197,275.983536,Linux
100,78,29.300356,36.156643,208.399650,1.852777,275.709426,Linux
100,79,29.141371,35.995484,208.389319,1.850798,275.376972,Linux
100,80,29.187538,36.198942,208.537265,1.952074,275.875819,Linux
100,81,29.253816,36.039898,208.335706,1.855776,275.485196,Linux
100,82,29.165157,35.940787,208.371956,1.829484,275.307384,Linux
100,83,29.155041,36.213533,208.397077,1.974086,275.739737,Linux
100,84,29.194588,36.412837,208.426747,1.833116,275.867288,Linux
100,85,29.166790,36.073627,208.403694,1.857640,275.501751,Linux
100,86,29.208235,36.019455,208.373367,1.818256,275.419313,Linux
100,87,29.125547,36.045214,208.814408,1.969220,275.954389,Linux
100,88,29.931950,36.366865,208.381002,1.841956,276.521773,Linux
100,89,29.190724,36.007882,208.427140,1.851173,275.476919,Linux
100,90,29.247309,36.006674,208.437838,1.930906,275.622727,Linux
100,91,29.179369,36.109993,208.483495,1.847948,275.620805,Linux
100,92,29.196500,36.015101,208.388352,1.823702,275.423655,Linux
100,93,29.138399,36.037594,208.375041,1.837954,275.388988,Linux
100,94,29.168435,36.181486,208.433199,1.966829,275.749949,Linux
100,95,29.303433,36.231805,208.447891,1.855217,275.838346,Linux
100,96,29.202270,36.039371,208.458401,1.821683,275.521725,Linux
100,97,29.176852,36.158548,208.393878,1.850761,275.580039,Linux
100,98,29.180358,36.007535,208.613691,1.940124,275.741708,Linux
100,99,29.216632,36.075779,208.474776,1.836940,275.604127,Linux
100,100,29.169568,36.083232,208.408813,1.846893,275.508506,Linux
200,1,58.562410,68.454985,417.066828,4.430246,548.514469,Linux
200,2,58.157525,68.636710,416.989230,4.283785,548.067250,Linux
200,3,58.810351,68.292257,417.459658,4.393517,548.955783,Linux
200,4,58.280878,68.401992,416.877189,4.374315,547.934374,Linux
200,5,58.958787,68.712532,416.841099,4.286133,548.798551,Linux
200,6,58.214971,68.589757,417.234330,4.549041,548.588099,Linux
200,7,58.958446,68.206684,416.796851,4.554389,548.516370,Linux
200,8,58.581745,68.066402,416.929046,4.509881,548.087074,Linux
200,9,58.064803,68.078962,416.754238,4.332290,547.230293,Linux
200,10,58.204784,67.934964,416.827935,4.481051,547.448734,Linux
200,11,58.131642,68.059784,416.899056,4.311867,547.402349,Linux
200,12,58.252281,68.194615,417.375176,4.513375,548.335447,Linux
200,13,58.097571,68.364289,416.754835,4.335261,547.551956,Linux
200,14,58.076231,67.947151,416.876091,4.556122,547.455595,Linux
200,15,58.227677,68.227945,416.681937,4.468861,547.606420,Linux
200,16,58.118904,68.356679,416.846556,4.368466,547.690605,Linux
200,17,58.064611,68.006200,416.860757,4.517789,547.449357,Linux
200,18,58.255413,68.246848,416.702537,4.366545,547.571343,Linux
200,19,58.061788,67.960739,417.244779,4.495771,547.763077,Linux
200,20,58.138071,68.074908,416.779450,4.334158,547.326587,Linux
200,21,58.115293,68.240071,417.236002,4.504116,548.095482,Linux
200,22,58.164623,68.273895,416.709578,4.347283,547.495379,Linux
200,23,58.458051,68.138140,416.816347,4.316316,547.728854,Linux
200,24,58.106468,68.294839,416.780882,4.362225,547.544414,Linux
200,25,58.186168,68.197018,417.043634,4.403313,547.830133,Linux
200,26,58.174078,68.083024,416.855822,4.554420,547.667344,Linux
200,27,58.246212,68.702489,416.748218,4.408160,548.105079,Linux
200,28,58.087929,68.122757,416.998095,4.576279,547.785060,Linux
200,29,58.246856,68.245158,416.819781,4.408152,547.719947,Linux
200,30,58.157996,68.058585,417.382768,4.586197,548.185546,Linux
200,31,58.164156,68.170436,416.749596,4.343624,547.427812,Linux
200,32,58.248051,68.244889,416.810149,4.538162,547.841251,Linux
200,33,58.186196,68.245122,416.724974,4.361093,547.517385,Linux
200,34,58.094742,68.266498,416.869198,4.421201,547.651639,Linux
200,35,58.342787,68.034578,416.702798,4.358387,547.438550,Linux
200,36,58.117980,67.996349,416.973175,4.408255,547.495759,Linux
200,37,58.237899,68.144206,416.851371,4.492810,547.726286,Linux
200,38,58.734541,68.141064,416.808808,4.428393,548.112806,Linux
200,39,58.175530,68.073581,417.139279,4.593914,547.982304,Linux
200,40,59.167597,68.632250,416.876902,4.412565,549.089314,Linux
200,41,58.212372,68.037217,417.000681,4.534681,547.784951,Linux
200,42,58.131518,68.240290,416.661472,4.385553,547.418833,Linux
200,43,58.484344,67.946933,416.875910,4.529986,547.837173,Linux
200,44,58.334330,68.459757,416.666400,4.368564,547.829051,Linux
200,45,58.110595,67.990205,416.976699,4.412945,547.490444,Linux
200,46,58.147242,68.061689,416.848461,4.518927,547.576319,Linux
200,47,58.268113,68.354837,416.849666,4.399915,547.872531,Linux
200,48,58.026204,67.953807,416.749214,4.539979,547.269204,Linux
200,49,59.138955,68.954420,416.757475,4.385765,549.236615,Linux
200,50,58.129044,68.187944,416.890656,4.623922,547.831566,Linux
200,51,58.371557,68.233216,416.834820,4.384531,547.824124,Linux
200,52,58.309776,67.933762,416.894112,4.557931,547.695581,Linux
200,53,58.236470,68.290481,416.733899,4.385820,547.646670,Linux
200,54,58.206140,68.117369,416.838282,4.573255,547.735046,Linux
200,55,58.220783,68.341440,416.686694,4.413807,547.662724,Linux
200,56,58.156221,68.033771,416.842411,4.398544,547.430947,Linux
200,57,58.110788,67.991729,416.814888,4.508395,547.425800,Linux
200,58,58.092352,68.904179,416.941103,4.469480,548.407114,Linux
200,59,58.120956,68.164449,416.896008,4.541003,547.722416,Linux
200,60,58.149787,68.097595,416.918874,4.408078,547.574334,Linux
200,61,58.137256,68.069043,416.815593,4.526234,547.548126,Linux
200,62,58.138583,68.177880,416.857271,4.394195,547.567929,Linux
200,63,58.303140,68.138295,416.843081,4.521220,547.805736,Linux
200,64,58.102088,68.590397,416.761879,4.385108,547.839472,Linux
200,65,58.224118,67.922255,416.778354,4.519239,547.443966,Linux
200,66,58.219204,68.162287,416.689542,4.504192,547.575225,Linux
200,67,58.092830,68.239651,417.362557,4.473293,548.168331,Linux
200,68,58.085639,68.067979,416.789158,4.566479,547.509255,Linux
200,69,58.362782,68.213389,416.813920,4.423617,547.813708,Linux
200,70,58.101195,68.032560,416.895790,4.565366,547.594911,Linux
200,71,58.310461,68.038248,416.769062,4.356135,547.473906,Linux
200,72,58.344580,68.039154,416.707267,4.570326,547.661327,Linux
200,73,58.288161,68.528082,416.721452,4.382292,547.919987,Linux
200,74,58.174462,68.142933,416.812441,4.543507,547.673343,Linux
200,75,58.193478,68.180510,416.751857,4.429458,547.555303,Linux
200,76,58.163880,68.149126,417.397074,4.434377,548.144457,Linux
200,77,58.141574,67.997580,416.713161,4.519869,547.372184,Linux
200,78,58.128159,68.214059,416.855613,4.421173,547.619004,Linux
200,79,58.182990,68.042775,416.808673,4.510257,547.544695,Linux
200,80,58.339752,68.098130,416.863824,4.398505,547.700211,Linux
200,81,58.135246,68.131504,417.579710,4.634587,548.481047,Linux
200,82,58.140198,68.007647,416.777964,4.410393,547.336202,Linux
200,83,58.404558,67.966349,416.793527,4.550645,547.715079,Linux
200,84,58.100825,68.524462,416.733941,4.400387,547.759615,Linux
200,85,58.293782,68.057386,417.312272,4.618657,548.282097,Linux
200,86,58.148707,68.196596,416.813447,4.423990,547.582740,Linux
200,87,58.117784,68.076955,416.802448,4.418649,547.415836,Linux
200,88,58.133096,68.146451,416.758704,4.563346,547.601597,Linux
200,89,58.165465,68.356087,416.726098,4.406654,547.654304,Linux
200,90,58.069365,68.267791,416.900812,4.541245,547.779213,Linux
200,91,58.598084,68.217954,416.800939,4.394491,548.011468,Linux
200,92,58.256806,68.137071,416.926816,4.568813,547.889506,Linux
200,93,58.263800,68.386070,416.714277,4.354229,547.718376,Linux
200,94,58.170901,68.091031,417.152128,4.578794,547.992854,Linux
200,95,58.147011,68.071477,416.742283,4.382507,547.343278,Linux
200,96,58.230106,68.015791,416.868719,4.499353,547.613969,Linux
200,97,58.250070,68.098957,416.736564,4.386849,547.472440,Linux
200,98,58.064278,68.062685,416.796691,4.419550,547.343204,Linux
200,99,58.163723,67.957147,416.825752,4.505342,547.451964,Linux
200,100,58.059852,68.537795,416.735694,4.397818,547.731159,Linux
300,1,87.467912,102.151483,625.307458,6.622252,821.549105,Linux
300,2,87.038950,102.306254,625.944815,6.661589,821.951608,Linux
300,3,87.170092,102.643010,625.239386,6.618032,821.670520,Linux
300,4,87.184209,102.439249,625.360602,6.541423,821.525483,Linux
300,5,87.133524,103.105630,625.146570,6.599618,821.985342,Linux
300,6,87.102853,102.312891,625.385277,6.604469,821.405490,Linux
300,7,87.500516,102.271788,625.443285,6.645876,821.861465,Linux
300,8,87.126494,102.386035,625.614352,6.862216,821.989097,Linux
300,9,87.454022,102.588735,625.518008,6.613095,822.173860,Linux
300,10,87.479862,102.745101,625.132202,6.563768,821.920933,Linux
300,11,87.300758,102.234631,625.149840,6.688811,821.374040,Linux
300,12,87.213893,102.416101,625.422630,6.602094,821.654718,Linux
300,13,87.199167,102.682118,625.462557,6.646608,821.990450,Linux
300,14,87.138848,102.394729,625.294690,6.635285,821.463552,Linux
300,15,88.012004,102.646844,625.061178,6.752549,822.472575,Linux
300,16,87.270146,102.820742,625.105193,6.627645,821.823726,Linux
300,17,87.154878,102.189473,625.273933,6.640450,821.258734,Linux
300,18,87.138492,102.296066,625.488136,6.663740,821.586434,Linux
300,19,87.226596,102.243266,625.306617,6.680105,821.456584,Linux
300,20,87.156908,102.459501,625.251906,6.709611,821.577926,Linux
300,21,87.590593,103.227983,625.134748,6.617523,822.570847,Linux
300,22,87.276053,102.764192,625.211316,6.606073,821.857634,Linux
300,23,87.251355,102.415938,625.409216,6.656732,821.733241,Linux
300,24,87.117145,102.730339,625.233282,6.644542,821.725308,Linux
300,25,87.174447,102.676129,625.316803,6.660176,821.827555,Linux
300,26,87.113815,102.390544,625.276363,6.702679,821.483401,Linux
300,27,87.919146,102.629485,625.108510,6.673512,822.330653,Linux
300,28,87.118253,102.319074,625.218122,6.630265,821.285714,Linux
300,29,87.279889,102.233453,625.219711,6.700731,821.433784,Linux
300,30,87.285653,102.372377,625.296007,6.657880,821.611917,Linux
300,31,87.159375,102.243266,625.292766,6.683147,821.378554,Linux
300,32,87.257326,102.583492,625.254107,6.643751,821.738676,Linux
300,33,87.134903,103.246981,625.319772,6.661737,822.363393,Linux
300,34,87.116036,102.459521,625.417776,6.660610,821.653943,Linux
300,35,87.216624,102.706070,625.370542,6.710199,822.003435,Linux
300,36,87.179011,102.466553,625.481074,6.623025,821.749663,Linux
300,37,87.342864,102.629209,625.332586,6.652028,821.956687,Linux
300,38,87.589674,102.730605,625.091112,6.667375,822.078766,Linux
300,39,87.210191,102.587778,625.437302,6.697045,821.932316,Linux
300,40,87.113970,102.466905,625.260405,6.650329,821.491609,Linux
300,41,87.195475,102.712975,625.270136,6.658006,821.836592,Linux
300,42,87.113998,102.453530,625.402557,6.654936,821.625021,Linux
300,43,87.171427,102.534585,625.199975,6.664198,821.570185,Linux
300,44,87.437394,102.888895,625.178018,6.622414,822.126721,Linux
300,45,87.123343,102.472346,625.595470,6.685703,821.876862,Linux
300,46,87.244370,102.495868,625.439747,6.675566,821.855551,Linux
300,47,87.306189,102.674523,625.427720,6.729647,822.138079,Linux
300,48,87.285398,102.498668,625.425018,6.698379,821.907463,Linux
300,49,87.381104,102.818858,625.134098,6.641359,821.975419,Linux
300,50,87.323519,102.525677,625.004667,6.656978,821.510841,Linux
300,51,87.182155,102.436786,625.652323,6.734129,822.005393,Linux
300,52,87.198132,102.786303,625.256509,6.689868,821.930812,Linux
300,53,87.154474,102.575214,625.386700,6.699220,821.815608,Linux
300,54,87.251001,102.376900,625.277450,6.676987,821.582338,Linux
300,55,87.443269,102.927112,625.119898,6.663486,822.153765,Linux
300,56,87.197842,102.637302,625.198399,6.699599,821.733142,Linux
300,57,87.269749,102.425894,625.632647,6.718747,822.047037,Linux
300,58,87.496113,102.436053,625.239398,6.703932,821.875496,Linux
300,59,87.293969,102.284583,625.340200,6.700841,821.619593,Linux
300,60,87.166009,102.520810,625.135221,6.709002,821.531042,Linux
300,61,87.351133,102.891781,625.091276,6.692440,822.026630,Linux
300,62,87.224030,102.372451,625.558475,6.698385,821.853341,Linux
300,63,87.264598,102.791683,625.653891,6.763752,822.473924,Linux
300,64,87.218143,102.495597,625.351314,6.722262,821.787316,Linux
300,65,87.355222,102.519579,625.582656,6.754897,822.212354,Linux
300,66,87.484898,102.898174,625.243707,6.748121,822.374900,Linux
300,67,87.245551,102.571602,625.404474,6.726369,821.947996,Linux
300,68,87.318834,102.427188,625.489117,6.722573,821.957712,Linux
300,69,87.268396,102.835920,625.912831,6.740721,822.757868,Linux
300,70,87.418708,102.605122,625.307302,6.719680,822.050812,Linux
300,71,87.216376,102.563636,625.202871,6.720515,821.703398,Linux
300,72,87.622106,102.698181,625.189644,6.711221,822.221152,Linux
300,73,87.338786,102.536837,625.249711,6.730405,821.855739,Linux
300,74,87.169296,102.724177,625.345491,6.738477,821.977441,Linux
300,75,87.163012,102.443703,625.788618,6.961305,822.356638,Linux
300,76,87.626120,102.438007,625.625790,6.753783,822.443700,Linux
300,77,87.232771,102.858982,625.126425,6.718880,821.937058,Linux
300,78,87.369860,102.756862,625.082002,6.693640,821.902364,Linux
300,79,87.359596,102.701110,625.255005,6.759051,822.074762,Linux
300,80,87.371341,102.517186,625.560757,6.751420,822.200704,Linux
300,81,87.477895,102.516553,626.471970,6.748429,823.214847,Linux
300,82,88.135492,102.917098,625.318701,6.712120,823.083411,Linux
300,83,87.711674,102.851924,625.137479,6.716978,822.418055,Linux
300,84,87.209110,102.349292,625.122895,6.760396,821.441693,Linux
300,85,87.245998,102.575605,625.343584,6.791411,821.956598,Linux
300,86,87.453897,102.530895,625.336407,6.731005,822.052204,Linux
300,87,87.265365,102.646471,625.612604,6.760926,822.285366,Linux
300,88,87.338773,103.760650,625.413883,6.740747,823.254053,Linux
300,89,87.279960,102.796476,625.114464,6.790929,821.981829,Linux
300,90,87.285453,102.386456,625.319926,6.753516,821.745351,Linux
300,91,87.276420,102.999419,625.215948,6.797233,822.289020,Linux
300,92,87.247749,102.709750,625.494651,6.779128,822.231278,Linux
300,93,87.212747,102.574974,625.309155,7.053939,822.150815,Linux
300,94,87.844822,102.799393,625.473109,6.744688,822.862012,Linux
300,95,87.230474,102.431282,625.129053,6.736680,821.527489,Linux
300,96,87.345735,102.524859,625.220786,6.771487,821.862867,Linux
300,97,87.354203,104.427835,625.842568,6.817672,824.442278,Linux
300,98,87.317238,102.436114,625.455358,6.791026,821.999736,Linux
300,99,87.362223,102.455645,625.323963,6.775463,821.917294,Linux
300,100,88.203751,102.772368,625.275511,6.784581,823.036211,Linux
400,1,116.848034,136.728952,833.636629,8.740818,1095.954433,Linux
400,2,116.610013,136.743654,834.222943,9.367722,1096.944332,Linux
400,3,117.853244,137.011310,833.988498,9.688971,1098.542023,Linux
400,4,117.514363,136.961583,834.222213,10.065186,1098.763345,Linux
400,5,117.442952,137.152008,833.804578,9.585105,1097.984643,Linux
400,6,117.168377,136.916112,833.703589,9.857281,1097.645359,Linux
400,7,117.128375,136.630314,833.855765,9.612705,1097.227159,Linux
400,8,117.196104,136.592612,833.619338,9.875460,1097.283514,Linux
400,9,117.102121,136.555131,834.538361,9.637764,1097.833377,Linux
400,10,117.395088,137.403286,833.826206,9.654793,1098.279373,Linux
400,11,118.151772,138.731444,833.724877,9.977352,1100.585445,Linux
400,12,117.967801,137.713985,833.842554,8.757260,1098.281600,Linux
400,13,117.489062,137.201162,834.194349,10.023690,1098.908263,Linux
400,14,118.072068,137.372169,833.804975,9.593352,1098.842564,Linux
400,15,117.648379,137.659153,834.047826,9.811757,1099.167115,Linux
400,16,117.266543,137.848718,833.852854,9.585416,1098.553531,Linux
400,17,117.493741,137.120084,834.015446,9.800303,1098.429574,Linux
400,18,117.367877,137.442654,838.965788,9.756584,1103.532903,Linux
400,19,117.654235,135.977999,833.787392,10.030005,1097.449631,Linux
400,20,117.305832,137.176753,833.668911,9.693606,1097.845102,Linux
400,21,117.311806,137.344242,833.708462,9.933229,1098.297739,Linux
400,22,117.491453,137.030212,834.089189,9.610536,1098.221390,Linux
400,23,117.352805,137.527451,833.768908,9.860365,1098.509529,Linux
400,24,117.077183,136.628489,833.667988,9.553730,1096.927390,Linux
400,25,117.293712,136.925569,833.606153,9.880983,1097.706417,Linux
400,26,117.305005,137.061823,833.682001,9.609305,1097.658134,Linux
400,27,117.260865,136.716156,833.814674,10.085631,1097.877326,Linux
400,28,117.618021,137.516789,834.103684,9.797802,1099.036296,Linux
400,29,117.345709,137.548894,834.049404,9.512218,1098.456225,Linux
400,30,117.929838,137.376298,833.695286,9.784600,1098.786022,Linux
400,31,117.460860,138.068469,833.827727,9.419979,1098.777035,Linux
400,32,117.893172,137.704659,842.196566,8.964286,1106.758683,Linux
400,33,116.546230,137.330998,843.778628,8.864104,1106.519960,Linux
400,34,117.403076,136.756209,844.541655,9.092776,1107.793716,Linux
400,35,117.193576,137.389156,843.756123,9.037357,1107.376212,Linux
400,36,116.879690,137.591891,845.686889,9.080700,1109.239170,Linux
400,37,116.769989,138.007824,833.794431,9.048975,1097.621219,Linux
400,38,117.201376,136.835981,833.764983,9.566495,1097.368835,Linux
400,39,117.027210,135.641211,833.633464,9.543046,1095.844931,Linux
400,40,116.934645,138.643434,833.515752,8.535583,1097.629414,Linux
400,41,117.454964,137.853820,833.786825,9.475361,1098.570970,Linux
400,42,117.507851,137.022853,834.059559,9.585195,1098.175458,Linux
400,43,117.413905,136.581711,833.968104,9.861913,1097.825633,Linux
400,44,117.165717,136.570137,833.725856,9.507306,1096.969016,Linux
400,45,117.651175,137.049314,834.104137,9.844401,1098.649027,Linux
400,46,117.048039,137.238130,835.097684,9.888661,1099.272514,Linux
400,47,117.840837,137.502970,834.004280,9.893452,1099.241539,Linux
400,48,117.379743,137.575379,833.971061,9.537244,1098.463427,Linux
400,49,117.568228,137.786105,833.724623,9.883947,1098.962903,Linux
400,50,117.809259,138.013969,834.101003,9.650726,1099.574957,Linux
400,51,118.047955,137.710625,833.659795,9.742692,1099.161067,Linux
400,52,117.816762,137.856893,833.950043,9.517053,1099.140751,Linux
400,53,117.581462,137.403249,834.279690,9.749092,1099.013493,Linux
400,54,117.606391,137.363428,834.227547,9.580892,1098.778258,Linux
400,55,118.454910,137.824964,834.256268,9.818469,1100.354611,Linux
400,56,117.445817,137.236996,833.814281,9.758412,1098.255506,Linux
400,57,117.220653,136.563577,834.217904,9.647823,1097.649957,Linux
400,58,117.521911,136.710654,833.999830,9.794536,1098.026931,Linux
400,59,117.155874,136.793077,834.672995,9.582730,1098.204676,Linux
400,60,117.588523,136.727896,834.076130,9.738268,1098.130817,Linux
400,61,117.357289,136.913792,833.605747,9.547636,1097.424464,Linux
400,62,117.679295,136.910104,833.924474,9.878785,1098.392658,Linux
400,63,117.174544,136.694333,834.523194,9.668338,1098.060409,Linux
400,64,117.396352,137.455175,833.865650,9.839087,1098.556264,Linux
400,65,117.382353,136.805770,835.958627,9.775050,1099.921800,Linux
400,66,117.803354,137.431647,843.261416,9.844604,1108.341021,Linux
400,67,117.951597,137.186825,844.968133,10.319408,1110.425963,Linux
400,68,117.532847,137.138725,844.369433,9.625418,1108.666423,Linux
400,69,117.476758,136.973880,842.764486,10.030571,1107.245695,Linux
400,70,117.368396,137.131958,842.770712,9.628787,1106.899853,Linux
400,71,117.618460,137.561704,843.219581,9.424326,1107.824071,Linux
400,72,118.178392,137.286548,845.119789,10.059448,1110.644177,Linux
400,73,117.276751,136.297290,842.881242,9.581171,1106.036454,Linux
400,74,117.500351,137.129133,842.891710,9.925413,1107.446607,Linux
400,75,117.594689,137.106078,841.033142,9.641799,1105.375708,Linux
400,76,117.548933,137.488655,840.420497,9.898163,1105.356248,Linux
400,77,117.228621,137.029369,842.047506,9.631168,1105.936664,Linux
400,78,117.408160,136.941624,840.739732,10.080343,1105.169859,Linux
400,79,117.276743,137.016408,840.871708,9.776260,1104.941119,Linux
400,80,117.575044,137.140432,839.513865,9.953737,1104.183078,Linux
400,81,119.025478,137.042446,840.749458,10.402060,1107.219442,Linux
400,82,118.392614,137.374486,840.807762,9.705416,1106.280278,Linux
400,83,117.365426,136.990131,838.241994,10.000214,1102.597765,Linux
400,84,117.705441,136.520807,833.833770,9.994979,1098.054997,Linux
400,85,117.547719,136.696863,833.863858,9.534390,1097.642830,Linux
400,86,117.226701,137.270602,833.861375,9.869724,1098.228402,Linux
400,87,117.005962,136.631403,833.668411,9.567171,1096.872947,Linux
400,88,117.349415,137.047950,833.718905,9.769635,1097.885905,Linux
400,89,117.135911,136.748365,833.612375,9.504797,1097.001448,Linux
400,90,117.504381,137.295050,833.699180,9.903384,1098.401995,Linux
400,91,118.229533,137.674704,833.694932,9.576573,1099.175742,Linux
400,92,117.339833,137.056895,833.650394,9.748101,1097.795223,Linux
400,93,117.220062,136.666924,833.720344,9.534994,1097.142324,Linux
400,94,117.285067,136.559691,833.845152,9.909685,1097.599595,Linux
400,95,117.356608,136.904219,834.051873,9.666446,1097.979146,Linux
400,96,117.276246,137.131648,833.762053,9.960392,1098.130339,Linux
400,97,117.156938,136.774439,833.681329,9.588882,1097.201588,Linux
400,98,117.299784,137.300099,833.604416,9.690088,1097.894387,Linux
400,99,117.167809,136.902345,833.606896,9.592332,1097.269382,Linux
400,100,117.690695,137.601456,833.865982,9.953704,1099.111837,Linux
500,1,145.814480,170.811618,1041.936872,10.984874,1369.547844,Linux
500,2,145.607841,170.935348,1042.028796,10.968499,1369.540484,Linux
500,3,145.506367,171.636623,1042.464196,10.988850,1370.596036,Linux
500,4,145.524925,170.958432,1049.654282,10.959684,1377.097323,Linux
500,5,146.003508,171.511191,1057.300860,11.016558,1385.832117,Linux
500,6,145.897370,171.592392,1057.141730,10.978358,1385.609850,Linux
500,7,145.775250,170.865995,1058.172534,11.004273,1385.818052,Linux
500,8,145.423800,171.609669,1058.085380,11.009763,1386.128612,Linux
500,9,145.660550,171.163108,1056.861886,11.016542,1384.702086,Linux
500,10,145.890597,171.043496,1056.664052,11.128253,1384.726398,Linux
500,11,146.099001,171.936346,1058.148664,11.088622,1387.272633,Linux
500,12,145.576324,171.024327,1057.356923,11.015249,1384.972823,Linux
500,13,145.510493,171.061309,1059.041943,11.109747,1386.723492,Linux
500,14,145.576081,171.018716,1058.927450,11.002423,1386.524670,Linux
500,15,145.730446,170.774463,1056.746411,11.011990,1384.263310,Linux
500,16,145.835580,170.932882,1054.391246,11.019240,1382.178948,Linux
500,17,146.391851,171.662545,1047.307740,10.983077,1376.345213,Linux
500,18,146.743709,171.840343,1051.112437,11.053111,1380.749600,Linux
500,19,146.374472,173.994878,1054.530703,11.068543,1385.968596,Linux
500,20,146.670211,172.738818,1053.376990,11.173543,1383.959562,Linux
500,21,147.019262,173.385112,1052.956048,11.103892,1384.464314,Linux
500,22,147.610800,172.814303,1053.085045,11.052839,1384.562987,Linux
500,23,146.507420,172.474769,1051.702091,11.171063,1381.855343,Linux
500,24,146.509915,173.155134,1043.135755,10.924188,1373.724992,Linux
500,25,146.260633,177.723165,1055.103309,10.209530,1389.296637,Linux
500,26,145.613636,171.540202,1042.144228,11.038611,1370.336677,Linux
500,27,145.976519,171.422173,1042.236754,11.075474,1370.710920,Linux
500,28,145.530636,172.086094,1042.087333,10.984260,1370.688323,Linux
500,29,145.842877,172.054457,1042.543578,11.007182,1371.448094,Linux
500,30,145.615750,171.269770,1042.100019,11.029150,1370.014689,Linux
500,31,145.565426,171.307286,1042.440996,10.987406,1370.301114,Linux
500,32,145.526825,172.018760,1043.020215,11.145847,1371.711647,Linux
500,33,145.626944,171.143632,1042.113480,11.079731,1369.963787,Linux
500,34,145.503256,171.496440,1042.225999,11.018149,1370.243844,Linux
500,35,145.851964,172.060368,1041.951094,11.044892,1370.908318,Linux
500,36,145.801384,171.428279,1042.795713,11.025511,1371.050887,Linux
500,37,145.673958,172.135259,1042.172241,11.036428,1371.017886,Linux
500,38,145.566469,171.173496,1042.132628,11.010080,1369.882673,Linux
500,39,145.611167,171.788750,1042.101254,11.052996,1370.554167,Linux
500,40,145.910911,172.480861,1042.447022,10.161103,1370.999897,Linux
500,41,145.642997,170.837797,1043.336288,11.112102,1370.929184,Linux
500,42,145.553475,171.284989,1042.316376,11.073130,1370.227970,Linux
500,43,145.899343,171.848285,1043.199191,11.097450,1372.044269,Linux
500,44,146.027935,171.158042,1042.165662,11.045763,1370.397402,Linux
500,45,145.650527,171.643419,1042.301386,11.050350,1370.645682,Linux
500,46,145.771837,171.184177,1044.133517,11.096591,1372.186122,Linux
500,47,146.320895,172.010661,1053.137753,11.063331,1382.532640,Linux
500,48,146.517486,172.269746,1047.272246,11.111231,1377.170709,Linux
500,49,146.500701,172.175498,1044.049332,11.199281,1373.924812,Linux
500,50,145.775327,171.773552,1051.496387,11.070563,1380.115829,Linux
500,51,146.775403,172.555668,1051.286331,11.054678,1381.672080,Linux
500,52,146.098926,172.145736,1050.337248,11.081704,1379.663614,Linux
500,53,145.842382,171.463195,1054.930966,11.068783,1383.305326,Linux
500,54,146.145237,171.704097,1057.972503,11.141606,1386.963443,Linux
500,55,145.673487,171.311679,1057.126599,11.089531,1385.201296,Linux
500,56,145.471853,171.537619,1059.450432,10.998598,1387.458502,Linux
500,57,146.200412,170.817598,1058.555952,11.146267,1386.720229,Linux
500,58,145.529452,170.620267,1059.588115,11.183448,1386.921282,Linux
500,59,145.705504,171.569503,1056.852914,10.958305,1385.086226,Linux
500,60,146.023557,170.889060,1057.458261,11.087066,1385.457944,Linux
500,61,145.563272,171.666681,1049.544895,11.061074,1377.835922,Linux
500,62,146.898542,171.379376,1043.145725,11.204362,1372.628005,Linux
500,63,146.478611,171.564817,1047.153957,11.068695,1376.266080,Linux
500,64,146.608214,171.988147,1047.888475,11.091861,1377.576697,Linux
500,65,145.897775,171.842033,1050.506140,11.094001,1379.339949,Linux
500,66,145.726438,171.660993,1047.872007,11.201315,1376.460753,Linux
500,67,146.055981,171.786078,1047.350774,10.329597,1375.522430,Linux
500,68,146.248414,171.503731,1048.720209,11.098081,1377.570435,Linux
500,69,146.001513,172.661181,1049.413678,11.099566,1379.175938,Linux
500,70,145.881109,171.822336,1049.727430,11.132784,1378.563659,Linux
500,71,146.008179,172.148802,1050.114304,11.144798,1379.416083,Linux
500,72,146.434258,171.017241,1042.647154,11.079079,1371.177732,Linux
500,73,145.588812,170.739888,1042.057937,11.099751,1369.486388,Linux
500,74,145.599017,171.059523,1043.169617,11.105173,1370.933330,Linux
500,75,146.390563,171.945606,1042.424739,11.141450,1371.902358,Linux
500,76,146.064286,171.443132,1052.150790,11.097772,1380.755980,Linux
500,77,146.179610,171.252271,1052.985065,10.797219,1381.214165,Linux
500,78,145.530387,171.209021,1042.278206,11.067542,1370.085156,Linux
500,79,145.680066,171.709507,1042.055685,11.343804,1370.789062,Linux
500,80,146.514149,172.930631,1042.235895,11.089124,1372.769799,Linux
500,81,145.532781,170.856100,1042.128670,11.068842,1369.586393,Linux
500,82,145.519169,171.175804,1042.456191,11.128965,1370.280129,Linux
500,83,145.567325,171.708493,1042.475406,11.081365,1370.832589,Linux
500,84,145.751259,170.839186,1042.281740,11.067298,1369.939483,Linux
500,85,145.692917,171.641713,1042.179328,11.119889,1370.633847,Linux
500,86,145.515337,171.146439,1042.163936,11.077636,1369.903348,Linux
500,87,145.517007,171.361510,1043.342772,11.133104,1371.354393,Linux
500,88,146.105419,171.151723,1042.269224,11.090802,1370.617168,Linux
500,89,145.654473,171.480165,1042.060637,11.113296,1370.308571,Linux
500,90,145.692524,171.422361,1042.415853,11.122534,1370.653272,Linux
500,91,146.514206,172.519714,1042.079325,11.158267,1372.271512,Linux
500,92,145.807598,171.152358,1042.159388,11.129833,1370.249177,Linux
500,93,145.685589,171.468985,1042.068652,11.048352,1370.271578,Linux
500,94,145.616655,171.142732,1042.606434,11.147548,1370.513369,Linux
500,95,145.580493,171.845031,1042.101685,11.145974,1370.673183,Linux
500,96,145.776130,171.636374,1042.145737,11.098045,1370.656286,Linux
500,97,145.704621,171.319984,1042.062453,11.107400,1370.194458,Linux
500,98,145.721963,171.453181,1042.714116,11.113337,1371.002597,Linux
500,99,145.948492,171.586076,1041.924852,11.097634,1370.557054,Linux
500,100,145.724743,171.354006,1042.248332,11.059973,1370.387054,Linux
600,1,175.507167,206.125799,1250.779029,13.096215,1645.508210,Linux
600,2,174.540823,206.415688,1250.602144,13.053141,1644.611796,Linux
600,3,175.106202,205.456469,1250.368500,13.083601,1644.014772,Linux
600,4,174.701947,206.697991,1250.820917,13.070885,1645.291740,Linux
600,5,174.753031,205.337606,1250.753194,13.095611,1643.939442,Linux
600,6,174.845004,205.523639,1250.514566,13.111174,1643.994383,Linux
600,7,174.737777,206.451392,1250.772376,13.097602,1645.059147,Linux
600,8,174.596807,205.151498,1250.626468,13.100070,1643.474843,Linux
600,9,175.023831,205.530483,1250.385621,13.092427,1644.032362,Linux
600,10,174.599079,206.626993,1251.016384,13.076253,1645.318709,Linux
600,11,174.675719,206.036522,1250.562350,13.083421,1644.358012,Linux
600,12,175.156219,205.806071,1250.657128,13.101716,1644.721134,Linux
600,13,174.777076,205.721723,1250.597295,13.090135,1644.186229,Linux
600,14,175.264450,205.645013,1250.541464,13.124761,1644.575688,Linux
600,15,174.962368,205.589305,1250.518737,13.165655,1644.236065,Linux
600,16,174.885449,205.817311,1250.639833,13.117042,1644.459635,Linux
600,17,175.551743,205.656932,1250.582374,13.096377,1644.887426,Linux
600,18,174.954730,205.874364,1250.692763,13.104175,1644.626032,Linux
600,19,174.768171,205.536538,1251.552044,13.106250,1644.963003,Linux
600,20,175.435116,205.923148,1250.516903,13.107969,1644.983136,Linux
600,21,174.917893,206.431783,1250.600927,13.141667,1645.092270,Linux
600,22,174.754436,205.434005,1250.978234,13.197943,1644.364618,Linux
600,23,175.042995,206.650215,1250.483252,13.071756,1645.248218,Linux
600,24,174.721859,206.323639,1250.568917,13.105085,1644.719500,Linux
600,25,174.761348,206.314517,1250.644950,13.267225,1644.988040,Linux
600,26,175.153614,206.115658,1250.559902,13.099571,1644.928745,Linux
600,27,174.895102,205.844793,1251.238232,13.107964,1645.086091,Linux
600,28,174.656742,205.928496,1250.464879,13.116690,1644.166807,Linux
600,29,175.827306,206.723711,1250.754279,13.183008,1646.488304,Linux
600,30,175.017962,205.600848,1251.716601,13.106930,1645.442341,Linux
600,31,175.327398,205.681013,1251.659121,13.252071,1645.919603,Linux
600,32,175.467544,206.244832,1250.728358,13.136572,1645.577306,Linux
600,33,174.785581,206.152832,1250.750768,13.167860,1644.857041,Linux
600,34,174.863773,206.150978,1250.755154,13.179608,1644.949513,Linux
600,35,174.921135,207.207450,1253.598657,13.132851,1648.860093,Linux
600,36,175.299940,205.640541,1268.801394,13.176588,1662.918463,Linux
600,37,174.950643,205.863294,1267.683127,13.219430,1661.716494,Linux
600,38,174.964658,207.927076,1268.755764,13.051557,1664.699055,Linux
600,39,175.485383,206.321159,1264.152089,13.090347,1659.048978,Linux
600,40,175.881440,206.183276,1250.616150,13.070828,1645.751694,Linux
600,41,175.954476,208.311566,1250.691480,13.155451,1648.112973,Linux
600,42,175.127673,207.855392,1251.203916,13.255847,1647.442828,Linux
600,43,175.030344,206.502533,1250.484946,13.124452,1645.142275,Linux
600,44,175.849262,208.033959,1257.863320,12.978482,1654.725023,Linux
600,45,175.943012,206.204436,1260.110155,13.334190,1655.591793,Linux
600,46,175.303846,206.452503,1259.297170,13.159813,1654.213332,Linux
600,47,175.010617,207.211190,1260.175582,13.193127,1655.590516,Linux
600,48,175.164907,205.875872,1256.020916,13.111034,1650.172729,Linux
600,49,175.537378,206.315228,1250.498642,13.153840,1645.505088,Linux
600,50,175.170306,205.207496,1251.614086,13.247447,1645.239335,Linux
600,51,175.627987,205.953776,1256.872460,13.153328,1651.607551,Linux
600,52,175.766805,206.062910,1251.908336,13.233292,1646.971343,Linux
600,53,175.636970,207.906609,1251.262513,13.221985,1648.028077,Linux
600,54,175.478573,207.011736,1250.953612,13.321664,1646.765585,Linux
600,55,175.237132,205.438025,1250.365359,13.162120,1644.202636,Linux
600,56,174.783686,206.029589,1250.650795,13.242231,1644.706301,Linux
600,57,174.929138,206.034871,1251.013972,13.195868,1645.173849,Linux
600,58,175.187817,205.797168,1250.501185,13.194965,1644.681135,Linux
600,59,174.829182,205.649223,1250.950944,13.245148,1644.674497,Linux
600,60,174.764113,206.386480,1250.360548,13.129494,1644.640635,Linux
600,61,174.667950,206.672307,1250.505334,13.194417,1645.040008,Linux
600,62,174.946384,205.680846,1250.847607,13.392004,1644.866841,Linux
600,63,174.760944,206.453434,1250.455456,13.165870,1644.835704,Linux
600,64,174.617363,206.568922,1250.761184,13.156030,1645.103499,Linux
600,65,175.037327,205.372976,1250.561973,13.156575,1644.128851,Linux
600,66,175.054114,205.780354,1250.505222,13.238541,1644.578231,Linux
600,67,174.680779,205.661201,1250.606566,13.172239,1644.120785,Linux
600,68,174.724235,205.524546,1250.922782,13.187335,1644.358898,Linux
600,69,175.296086,205.513864,1250.525471,13.155165,1644.490586,Linux
600,70,174.719622,206.178761,1250.423193,13.174692,1644.496268,Linux
600,71,174.878993,205.589059,1250.561860,13.158851,1644.188763,Linux
600,72,175.028427,205.860911,1250.406227,13.176556,1644.472121,Linux
600,73,174.658610,206.009715,1250.602368,13.248323,1644.519016,Linux
600,74,174.687405,205.720952,1251.032912,13.217157,1644.658426,Linux
600,75,174.763874,206.119471,1250.467657,13.201986,1644.552988,Linux
600,76,174.921886,206.205415,1250.527662,13.385441,1645.040404,Linux
600,77,174.944963,206.329415,1250.700526,13.184100,1645.159004,Linux
600,78,174.690667,205.877743,1250.608559,13.203435,1644.380404,Linux
600,79,175.018764,205.793972,1250.488995,13.198297,1644.500028,Linux
600,80,175.158974,205.888919,1250.883495,13.194086,1645.125474,Linux
600,81,174.792229,205.949657,1250.463675,13.177344,1644.382905,Linux
600,82,174.958311,206.026858,1250.496309,13.201330,1644.682808,Linux
600,83,175.270729,206.188049,1251.258208,13.188592,1645.905578,Linux
600,84,174.755678,206.230112,1251.672550,13.218666,1645.877006,Linux
600,85,174.800495,205.618465,1250.470301,12.960451,1643.849712,Linux
600,86,175.905695,206.228296,1250.936159,13.217599,1646.287749,Linux
600,87,174.763451,206.701894,1250.702912,13.166482,1645.334739,Linux
600,88,174.732901,205.729071,1250.282378,13.205419,1643.949769,Linux
600,89,174.863370,206.024090,1251.144502,13.231067,1645.263029,Linux
600,90,174.935739,206.025513,1250.445910,13.236167,1644.643329,Linux
600,91,174.871026,206.677256,1250.381845,13.183979,1645.114106,Linux
600,92,174.683478,206.469509,1263.223638,13.139240,1657.515865,Linux
600,93,176.165566,205.839255,1260.741795,13.395762,1656.142378,Linux
600,94,175.338510,206.215069,1261.332659,13.224742,1656.110980,Linux
600,95,175.865223,208.127801,1261.233634,13.219676,1658.446334,Linux
600,96,174.911107,205.763230,1260.882886,12.732259,1654.289482,Linux
600,97,175.952588,206.285546,1258.771939,13.336141,1654.346214,Linux
600,98,175.013169,207.041001,1265.861370,13.157907,1661.073447,Linux
600,99,175.249815,205.051597,1267.696589,13.327200,1661.325201,Linux
600,100,175.115194,205.481411,1266.145499,13.118117,1659.860221,Linux
700,1,204.196964,240.006776,1479.811819,15.191701,1939.207260,Linux
700,2,203.630091,240.308985,1476.842743,15.219987,1936.001806,Linux
700,3,203.710677,239.933586,1479.532857,14.495708,1937.672828,Linux
700,4,203.762814,240.258559,1477.269620,15.208990,1936.499983,Linux
700,5,203.855871,241.109141,1478.742508,15.339893,1939.047413,Linux
700,6,204.248337,240.388147,1480.183349,15.273557,1940.093390,Linux
700,7,203.910898,239.393706,1477.224202,15.297189,1935.825995,Linux
700,8,203.730026,240.756203,1476.527282,15.230956,1936.244467,Linux
700,9,203.645291,239.483359,1478.019362,15.245175,1936.393187,Linux
700,10,203.967189,239.561307,1476.841969,15.214001,1935.584466,Linux
700,11,203.671233,240.912478,1478.149730,15.298490,1938.031931,Linux
700,12,204.872433,239.997638,1475.692252,15.251057,1935.813380,Linux
700,13,204.183149,239.528156,1476.175505,15.233059,1935.119869,Linux
700,14,203.816303,239.750551,1478.079058,15.231976,1936.877888,Linux
700,15,204.038035,239.852248,1474.267212,15.262670,1933.420165,Linux
700,16,204.194463,240.620942,1473.758872,15.237506,1933.811783,Linux
700,17,205.586848,243.973388,1468.116996,15.361397,1933.038629,Linux
700,18,205.234502,242.276841,1468.298737,15.171772,1930.981852,Linux
700,19,206.103015,242.604353,1471.562781,14.762610,1935.032759,Linux
700,20,204.030853,240.033704,1459.206520,15.178150,1918.449227,Linux
700,21,204.542283,241.039591,1460.602941,15.230451,1921.415266,Linux
700,22,204.490350,240.187843,1460.102583,15.275648,1920.056424,Linux
700,23,204.568708,239.864570,1459.195248,15.260467,1918.888993,Linux
700,24,204.205152,240.436723,1459.769164,15.420231,1919.831270,Linux
700,25,204.448552,240.050954,1459.249518,15.228124,1918.977148,Linux
700,26,203.895086,239.757133,1459.119137,15.260460,1918.031816,Linux
700,27,204.068764,241.354387,1459.701464,15.318859,1920.443474,Linux
700,28,204.469196,240.521646,1458.947017,15.254390,1919.192249,Linux
700,29,204.770163,240.260848,1459.021859,15.306593,1919.359463,Linux
700,30,204.989094,242.350980,1460.075588,15.235125,1922.650787,Linux
700,31,206.072007,242.327248,1462.441326,15.333837,1926.174418,Linux
700,32,204.494362,242.912569,1462.581958,15.295012,1925.283901,Linux
700,33,205.201973,244.105100,1468.459766,15.239747,1933.006586,Linux
700,34,204.286651,239.923319,1477.270068,15.324853,1936.804891,Linux
700,35,204.080738,240.232171,1481.200075,15.220774,1940.733758,Linux
700,36,203.839622,240.839788,1481.910767,15.295333,1941.885510,Linux
700,37,203.722204,239.721793,1483.116571,15.452740,1942.013308,Linux
700,38,203.901707,239.829804,1480.259269,15.315842,1939.306622,Linux
700,39,205.063758,241.600265,1466.325720,15.183413,1928.173156,Linux
700,40,205.105765,241.506038,1467.488622,15.341917,1929.442342,Linux
700,41,204.274282,240.277798,1466.740493,15.282791,1926.575364,Linux
700,42,204.301336,240.337335,1467.434773,14.696559,1926.770003,Linux
700,43,207.832047,242.708360,1459.038272,15.219756,1924.798435,Linux
700,44,205.572908,240.959061,1459.124011,15.363216,1921.019196,Linux
700,45,204.419091,241.949522,1459.308925,15.344081,1921.021619,Linux
700,46,204.430352,242.031726,1463.372135,15.400311,1925.234524,Linux
700,47,204.845329,241.545856,1466.113698,15.025877,1927.530760,Linux
700,48,204.548561,240.859082,1468.911713,15.352470,1929.671826,Linux
700,49,204.389821,240.051837,1467.808061,15.351888,1927.601607,Linux
700,50,204.233723,241.192644,1470.718646,15.302930,1931.447943,Linux
700,51,204.365550,241.741219,1467.999585,15.298306,1929.404660,Linux
700,52,204.285761,240.927254,1467.098134,15.314022,1927.625171,Linux
700,53,204.448877,240.285400,1468.188812,15.363055,1928.286144,Linux
700,54,204.232103,240.316068,1476.231248,15.470610,1936.250029,Linux
700,55,205.789523,241.081544,1459.876616,15.315896,1922.063579,Linux
700,56,205.149262,241.778925,1459.283760,15.357651,1921.569598,Linux
700,57,204.734500,241.384657,1459.114007,15.368542,1920.601706,Linux
700,58,205.381002,241.405398,1459.707718,14.715537,1921.209655,Linux
700,59,205.143040,241.297402,1459.251222,15.423132,1921.114796,Linux
700,60,204.524742,241.492931,1459.169153,15.315744,1920.502570,Linux
700,61,204.449945,242.005357,1459.733600,15.380732,1921.569634,Linux
700,62,204.378515,241.392325,1459.340325,15.313777,1920.424942,Linux
700,63,204.406429,241.193334,1459.899809,15.301769,1920.801341,Linux
700,64,204.671644,241.126405,1459.162033,15.311164,1920.271246,Linux
700,65,204.742099,240.789620,1459.554889,15.325306,1920.411914,Linux
700,66,204.585601,240.863288,1459.608002,15.339261,1920.396152,Linux
700,67,204.471356,241.408500,1460.254720,15.319539,1921.454115,Linux
700,68,205.126569,240.164069,1468.736053,15.355372,1929.382063,Linux
700,69,205.863045,241.520885,1472.061686,15.262685,1934.708301,Linux
700,70,205.111915,240.426978,1470.750169,15.427038,1931.716100,Linux
700,71,204.302896,240.651974,1470.325767,15.431508,1930.712145,Linux
700,72,204.172195,240.878918,1467.427467,14.689807,1927.168387,Linux
700,73,204.307318,240.880112,1476.294061,15.401526,1936.883017,Linux
700,74,203.886410,241.807793,1478.953120,15.403153,1940.050476,Linux
700,75,203.868402,241.322809,1477.792311,15.382906,1938.366428,Linux
700,76,204.741866,239.690216,1478.146727,15.439904,1938.018713,Linux
700,77,203.942286,239.604026,1475.893392,15.361377,1934.801081,Linux
700,78,203.632169,239.797459,1464.240926,15.098646,1922.769200,Linux
700,79,204.856679,241.100451,1463.992158,15.354504,1925.303792,Linux
700,80,205.268452,241.359816,1462.413988,15.463361,1924.505617,Linux
700,81,204.236463,241.633305,1464.215552,15.293756,1925.379076,Linux
700,82,204.971144,241.468130,1463.466146,15.379862,1925.285282,Linux
700,83,204.723558,240.984961,1463.974809,15.378386,1925.061714,Linux
700,84,204.968282,240.540433,1468.405595,15.322676,1929.236986,Linux
700,85,204.661975,241.122435,1466.783234,15.403052,1927.970696,Linux
700,86,204.519290,240.738451,1465.731556,15.404005,1926.393302,Linux
700,87,204.309285,242.728742,1463.561292,14.501354,1925.100673,Linux
700,88,204.330997,241.221514,1464.073719,15.315584,1924.941814,Linux
700,89,204.545718,242.001429,1464.653044,15.438906,1926.639097,Linux
700,90,204.113978,240.527216,1463.121049,15.389796,1923.152039,Linux
700,91,204.638081,240.591157,1463.255205,15.319824,1923.804267,Linux
700,92,203.645297,240.353577,1465.157820,15.305541,1924.462235,Linux
700,93,204.190986,240.682274,1464.367263,14.640717,1923.881240,Linux
700,94,204.671940,240.590958,1473.096357,15.439145,1933.798400,Linux
700,95,204.814146,239.950413,1472.836371,15.313208,1932.914138,Linux
700,96,204.462640,239.778084,1475.898620,15.519675,1935.659019,Linux
700,97,204.127500,239.856128,1475.174994,15.492879,1934.651501,Linux
700,98,204.345618,239.401394,1473.656961,15.722385,1933.126358,Linux
700,99,204.809083,240.008561,1474.083112,15.389058,1934.289814,Linux
700,100,204.602291,241.356028,1473.727831,15.400903,1935.087053,Linux
800,1,233.003357,274.748092,1683.051989,17.538686,2208.342124,Linux
800,2,234.881203,276.533573,1686.368788,17.370959,2215.154523,Linux
800,3,232.982396,274.191897,1683.628944,16.596744,2207.399981,Linux
800,4,233.362649,274.771514,1676.072906,17.540919,2201.747988,Linux
800,5,235.771788,277.300293,1674.020320,17.437426,2204.529827,Linux
800,6,234.305718,275.641825,1674.038068,17.501783,2201.487394,Linux
800,7,235.186231,278.055041,1672.488488,17.388336,2203.118096,Linux
800,8,233.430859,274.990105,1671.721549,17.503476,2197.645989,Linux
800,9,233.459549,275.101861,1680.406422,17.793371,2206.761203,Linux
800,10,235.870908,278.304572,1672.115098,17.544195,2203.834773,Linux
800,11,233.878499,275.178714,1674.048384,17.585800,2200.691397,Linux
800,12,235.799271,279.119290,1674.279757,17.083725,2206.282043,Linux
800,13,233.998113,274.850034,1675.824814,17.382972,2202.055933,Linux
800,14,234.106823,274.964534,1667.659768,16.822121,2193.553246,Linux
800,15,234.924899,278.002021,1668.442471,17.567207,2198.936598,Linux
800,16,234.542530,273.904829,1667.931383,17.616834,2193.995576,Linux
800,17,234.966070,276.569829,1668.345899,17.459520,2197.341318,Linux
800,18,233.084401,275.553148,1669.786299,17.558520,2195.982368,Linux
800,19,233.314521,275.082543,1667.659755,17.544231,2193.601050,Linux
800,20,235.327256,277.913047,1669.414418,16.644715,2199.299436,Linux
800,21,233.637299,273.670869,1667.951861,17.528525,2192.788554,Linux
800,22,235.924583,277.991535,1673.902403,17.428500,2205.247021,Linux
800,23,233.813535,274.934988,1670.730457,17.302669,2196.781649,Linux
800,24,234.675109,276.747576,1668.079464,17.603874,2197.106023,Linux
800,25,236.025607,279.065272,1668.910369,17.399776,2201.401024,Linux
800,26,234.795067,275.263725,1667.928784,17.554160,2195.541736,Linux
800,27,235.474467,278.609791,1669.847961,17.452937,2201.385156,Linux
800,28,233.741476,278.628158,1667.705613,17.523968,2197.599215,Linux
800,29,234.136954,276.456384,1668.165646,17.657415,2196.416399,Linux
800,30,235.785708,279.121152,1668.435775,17.687584,2201.030219,Linux
800,31,233.929726,276.051024,1667.836608,17.591547,2195.408905,Linux
800,32,236.190185,278.745288,1668.173092,17.454336,2200.562901,Linux
800,33,233.975417,275.342245,1667.659369,17.418666,2194.395697,Linux
800,34,233.954819,277.054137,1668.063874,16.962941,2196.035771,Linux
800,35,235.951138,278.811949,1668.703669,17.447628,2200.914384,Linux
800,36,234.471745,275.903702,1668.153455,17.410877,2195.939779,Linux
800,37,235.197656,275.225667,1689.960956,17.476441,2217.860720,Linux
800,38,232.980062,273.647343,1688.128896,17.471729,2212.228030,Linux
800,39,232.987067,274.439219,1690.573944,17.709461,2215.709691,Linux
800,40,235.765702,278.542136,1694.805011,17.657861,2226.770710,Linux
800,41,234.098027,274.913755,1679.777838,17.487429,2206.277049,Linux
800,42,236.666187,277.580819,1676.106772,17.247098,2207.600876,Linux
800,43,234.138218,275.588865,1674.529165,17.574752,2201.831000,Linux
800,44,233.774113,275.683774,1677.118839,17.755354,2204.332080,Linux
800,45,236.028339,278.556777,1677.154809,17.650039,2209.389964,Linux
800,46,233.751444,274.678754,1674.598875,16.827257,2199.856330,Linux
800,47,235.927600,277.602465,1676.385550,16.799729,2206.715344,Linux
800,48,232.820806,275.203589,1673.844431,16.732100,2198.600926,Linux
800,49,234.911328,276.552895,1674.209176,17.539794,2203.213193,Linux
800,50,234.436128,276.248071,1670.826580,17.403414,2198.914193,Linux
800,51,234.190795,274.952046,1668.289255,17.675351,2195.107447,Linux
800,52,235.425881,278.342967,1668.646881,16.701140,2199.116869,Linux
800,53,233.281087,274.119190,1667.850716,17.502570,2192.753563,Linux
800,54,233.493451,275.624882,1668.321753,16.870450,2194.310536,Linux
800,55,236.074755,277.861724,1678.391848,17.393649,2209.721976,Linux
800,56,233.983274,273.527196,1684.925852,17.937335,2210.373657,Linux
800,57,235.270102,276.909655,1668.186379,17.466982,2197.833118,Linux
800,58,233.056266,274.496911,1667.420112,17.354191,2192.327480,Linux
800,59,233.760440,275.425302,1668.406401,17.812051,2195.404194,Linux
800,60,235.559268,278.163086,1669.584835,17.525608,2200.832797,Linux
800,61,233.415427,274.478904,1668.763476,17.643682,2194.301489,Linux
800,62,235.194879,277.065202,1668.030354,17.458890,2197.749325,Linux
800,63,233.154707,274.013751,1667.641806,17.478126,2192.288390,Linux
800,64,233.252425,275.425039,1668.024162,17.682994,2194.384620,Linux
800,65,235.851351,278.153527,1669.200641,17.558703,2200.764222,Linux
800,66,234.099623,274.398101,1668.048853,17.537058,2194.083635,Linux
800,67,235.109406,277.577009,1667.781142,17.489036,2197.956593,Linux
800,68,233.162290,274.064381,1667.456539,17.415578,2192.098788,Linux
800,69,236.895603,275.266331,1674.772675,17.855814,2204.790423,Linux
800,70,236.117613,278.354302,1680.009183,17.456840,2211.937938,Linux
800,71,234.378750,276.572957,1673.374989,16.762680,2201.089376,Linux
800,72,236.296745,278.810643,1676.387264,17.475568,2208.970220,Linux
800,73,233.644065,274.598452,1674.653886,17.575966,2200.472369,Linux
800,74,234.106122,275.204159,1675.497708,17.709722,2202.517711,Linux
800,75,236.725694,279.327699,1679.043832,17.783070,2212.880295,Linux
800,76,233.641023,274.957280,1675.053234,17.729818,2201.381355,Linux
800,77,235.826371,278.686847,1679.076749,17.493934,2211.083901,Linux
800,78,232.928986,274.996901,1670.986806,17.459858,2196.372551,Linux
800,79,234.136707,274.783811,1668.493645,17.074173,2194.488336,Linux
800,80,234.649049,277.921803,1669.130366,17.534402,2199.235620,Linux
800,81,233.525448,274.490375,1668.520044,17.800889,2194.336756,Linux
800,82,235.753862,277.320440,1669.759883,17.423732,2200.257917,Linux
800,83,234.427204,276.014224,1667.606874,17.582381,2195.630683,Linux
800,84,234.045554,277.065757,1668.434655,17.784057,2197.330023,Linux
800,85,236.312412,279.460493,1669.078255,17.295840,2202.147000,Linux
800,86,234.663966,274.957163,1668.131204,17.689976,2195.442309,Linux
800,87,235.615851,278.691736,1668.369112,17.580856,2200.257555,Linux
800,88,233.828456,276.517902,1667.926393,17.502435,2195.775186,Linux
800,89,233.962523,276.342515,1669.251288,17.615104,2197.171430,Linux
800,90,236.209162,277.956146,1673.871351,17.399563,2205.436222,Linux
800,91,234.834751,274.679683,1675.484638,17.679023,2202.678095,Linux
800,92,235.914123,277.419712,1677.914404,17.498586,2208.746825,Linux
800,93,233.499144,274.823580,1677.511350,17.553683,2203.387757,Linux
800,94,233.770971,275.423464,1671.082541,17.595106,2197.872082,Linux
800,95,235.830443,277.069835,1689.130607,17.732184,2219.763069,Linux
800,96,233.727564,275.696564,1673.591738,17.820035,2200.835901,Linux
800,97,236.959269,279.686041,1672.767986,17.710588,2207.123884,Linux
800,98,233.741607,276.936313,1668.016761,17.556628,2196.251309,Linux
800,99,233.362958,274.583180,1668.304200,17.718887,2193.969225,Linux
800,100,236.597761,278.260855,1668.823103,17.547142,2201.228861,Linux
900,1,262.780879,309.719214,1879.138409,19.768272,2471.406774,Linux
900,2,267.055606,314.368034,1877.869901,19.827261,2479.120802,Linux
900,3,265.829708,314.170770,1877.052392,19.771565,2476.824435,Linux
900,4,266.077816,315.297443,1877.073499,19.570672,2478.019430,Linux
900,5,265.256777,313.917008,1877.078573,19.319719,2475.572077,Linux
900,6,266.486051,312.918851,1883.979721,19.489156,2482.873779,Linux
900,7,263.158970,310.005463,1891.862528,19.761688,2484.788649,Linux
900,8,264.957103,314.533981,1897.194853,19.014861,2495.700798,Linux
900,9,265.172685,313.445507,1887.933825,19.539837,2486.091854,Linux
900,10,265.111428,315.519032,1879.663650,19.665197,2479.959307,Linux
900,11,265.116645,313.614481,1879.399004,19.300067,2477.430197,Linux
900,12,266.026483,315.268219,1879.060384,19.889408,2480.244494,Linux
900,13,264.834657,312.406378,1901.742353,19.756895,2498.740283,Linux
900,14,264.833569,313.803942,1878.652931,19.743733,2477.034175,Linux
900,15,264.958826,313.959259,1878.530522,19.843460,2477.292067,Linux
900,16,265.127459,315.203144,1878.884466,19.745253,2478.960322,Linux
900,17,265.317305,314.415106,1877.905811,19.708191,2477.346413,Linux
900,18,265.129360,315.965371,1878.019270,19.562100,2478.676101,Linux
900,19,265.872674,314.224090,1877.798503,19.723099,2477.618366,Linux
900,20,265.233696,314.242352,1878.132762,19.869465,2477.478275,Linux
900,21,265.601544,314.458926,1879.143944,19.868862,2479.073276,Linux
900,22,265.667412,313.626209,1877.737348,19.793582,2476.824551,Linux
900,23,265.894617,314.448119,1877.854518,19.793527,2477.990781,Linux
900,24,265.030056,314.468040,1878.458653,19.799880,2477.756629,Linux
900,25,265.513602,313.861151,1877.299937,19.794151,2476.468841,Linux
900,26,265.561959,313.688945,1877.426610,19.747610,2476.425124,Linux
900,27,265.632527,314.798307,1876.670077,19.782870,2476.883781,Linux
900,28,265.027258,313.117062,1878.578275,19.759957,2476.482552,Linux
900,29,265.309721,312.371621,1876.311033,19.567815,2473.560190,Linux
900,30,264.385707,311.695978,1876.349546,19.166917,2471.598148,Linux
900,31,263.799187,311.406994,1877.859460,19.744886,2472.810527,Linux
900,32,265.031254,313.694029,1878.599210,19.701738,2477.026231,Linux
900,33,265.383655,314.274281,1878.948376,19.668895,2478.275207,Linux
900,34,264.882969,313.917452,1879.131088,19.489331,2477.420840,Linux
900,35,265.459386,311.406223,1878.734875,19.629041,2475.229525,Linux
900,36,266.059111,313.434519,1894.262140,19.793244,2493.549014,Linux
900,37,265.088671,312.683128,1893.634664,18.986776,2490.393239,Linux
900,38,266.013360,313.234471,1907.210826,19.613480,2506.072137,Linux
900,39,264.786755,312.688870,1905.196757,19.873462,2502.545844,Linux
900,40,263.653830,311.278202,1906.209281,19.876316,2501.017629,Linux
900,41,263.853026,311.513994,1907.669386,19.552154,2502.588560,Linux
900,42,265.249015,312.727480,1879.250351,19.797938,2477.024784,Linux
900,43,265.102181,313.425951,1878.111756,19.848301,2476.488189,Linux
900,44,265.449734,314.740753,1878.475394,19.800609,2478.466490,Linux
900,45,265.630220,313.733620,1877.940741,19.454303,2476.758884,Linux
900,46,265.905866,315.394004,1878.759217,19.823778,2479.882865,Linux
900,47,265.171273,313.817473,1896.247801,19.691221,2494.927768,Linux
900,48,265.458569,311.719940,1889.361786,19.889125,2486.429420,Linux
900,49,264.069509,312.646981,1890.119306,19.926538,2486.762334,Linux
900,50,264.852589,313.817170,1896.942628,19.932327,2495.544714,Linux
900,51,264.494843,313.775183,1892.657132,19.793459,2490.720617,Linux
900,52,265.519346,312.875442,1896.861575,19.858595,2495.114958,Linux
900,53,265.486354,313.103352,1894.551206,19.863696,2493.004608,Linux
900,54,265.875176,312.691057,1894.630517,19.189761,2492.386511,Linux
900,55,265.310025,313.426809,1891.499790,19.769157,2490.005781,Linux
900,56,265.795117,313.397494,1892.137191,19.973628,2491.303430,Linux
900,57,265.746778,314.796071,1892.909462,19.881989,2493.334300,Linux
900,58,265.750441,313.644039,1894.887181,19.801458,2494.083119,Linux
900,59,265.300461,313.254725,1880.881789,19.745462,2479.182437,Linux
900,60,265.865143,313.220159,1894.385158,19.771417,2493.241877,Linux
900,61,265.663456,310.941429,1902.450515,20.009382,2499.064782,Linux
900,62,264.611267,312.380533,1908.873265,19.978916,2505.843981,Linux
900,63,264.926457,312.045912,1906.979892,19.712991,2503.665252,Linux
900,64,265.375162,312.959951,1902.800196,19.978712,2501.114021,Linux
900,65,265.004669,311.519932,1903.832157,19.903481,2500.260239,Linux
900,66,264.657881,311.555824,1912.994850,20.024287,2509.232842,Linux
900,67,265.632701,312.771301,1909.425055,19.324687,2507.153744,Linux
900,68,266.291757,313.067461,1910.767902,19.984044,2510.111164,Linux
900,69,265.444080,312.344015,1907.442361,19.965691,2505.196147,Linux
900,70,265.793787,312.566993,1908.273208,19.977110,2506.611098,Linux
900,71,265.138475,314.012587,1904.480073,19.934200,2503.565335,Linux
900,72,266.485069,313.477713,1878.644116,19.977074,2478.583972,Linux
900,73,266.045414,313.857221,1879.438007,20.006198,2479.346840,Linux
900,74,265.078998,312.582775,1876.863039,19.826895,2474.351707,Linux
900,75,264.789882,312.098994,1876.238043,18.830819,2471.957738,Linux
900,76,264.854361,310.096587,1876.763984,19.683262,2471.398194,Linux
900,77,262.271431,308.951555,1878.323732,20.021260,2469.567978,Linux
900,78,265.149260,312.173711,1878.651216,19.826813,2475.801000,Linux
900,79,264.686402,312.713854,1878.208001,19.741362,2475.349619,Linux
900,80,265.301133,313.124396,1879.604274,19.846800,2477.876603,Linux
900,81,264.696603,313.059422,1879.292244,19.918780,2476.967049,Linux
900,82,264.965889,312.899003,1879.987281,20.018594,2477.870767,Linux
900,83,265.386907,312.530154,1878.783959,19.933897,2476.634917,Linux
900,84,264.860379,313.018792,1878.339959,19.862803,2476.081933,Linux
900,85,264.538242,312.138776,1878.187174,19.803742,2474.667934,Linux
900,86,264.233111,312.907496,1878.579706,19.963338,2475.683651,Linux
900,87,264.829268,312.831994,1878.091079,19.991846,2475.744187,Linux
900,88,264.624272,312.763437,1877.810789,19.899423,2475.097921,Linux
900,89,264.895685,311.551597,1877.162091,19.769742,2473.379115,Linux
900,90,263.731905,311.867987,1877.313040,19.923751,2472.836683,Linux
900,91,264.339235,312.697055,1876.806833,19.938102,2473.781225,Linux
900,92,264.446524,313.472700,1877.130117,19.885848,2474.935189,Linux
900,93,264.607462,311.156036,1876.493704,19.740237,2471.997439,Linux
900,94,264.775469,311.616395,1877.366196,19.730274,2473.488334,Linux
900,95,264.176974,310.566263,1875.903432,19.698444,2470.345113,Linux
900,96,262.221740,309.550425,1877.914194,19.826983,2469.513342,Linux
900,97,265.437392,312.798987,1878.187808,19.953847,2476.378034,Linux
900,98,264.990482,313.070836,1878.829395,19.883784,2476.774497,Linux
900,99,264.669796,311.973999,1878.115879,19.805274,2474.564948,Linux
900,100,264.327954,311.911044,1877.834356,19.906365,2473.979719,Linux
1000,1,294.799410,346.170179,2087.175509,21.661876,2749.806974,Linux
1000,2,294.289729,347.228648,2087.863137,21.920103,2751.301617,Linux
1000,3,293.885097,346.869544,2085.347708,21.708659,2747.811008,Linux
1000,4,293.090719,346.016089,2087.247716,21.577554,2747.932078,Linux
1000,5,294.703124,345.776886,2087.361359,21.900758,2749.742127,Linux
1000,6,295.316179,348.064597,2087.881016,21.828192,2753.089984,Linux
1000,7,293.934691,345.858786,2086.108362,21.852364,2747.754203,Linux
1000,8,293.154089,346.870520,2086.171960,21.822874,2748.019443,Linux
1000,9,294.003831,347.473138,2099.129820,21.776771,2762.383560,Linux
1000,10,295.769685,347.119917,2105.181321,21.609631,2769.680554,Linux
1000,11,294.367599,350.667032,2100.756904,21.391940,2767.183475,Linux
1000,12,294.795095,346.779406,2111.129418,21.444579,2774.148498,Linux
1000,13,294.249149,347.399487,2112.284566,21.175240,2775.108442,Linux
1000,14,294.049940,346.841630,2098.793189,21.916274,2761.601033,Linux
1000,15,295.281712,349.997559,2091.068363,21.847673,2758.195307,Linux
1000,16,294.616711,348.104725,2086.491671,21.939603,2751.152710,Linux
1000,17,294.816693,347.420665,2087.734994,21.879360,2751.851712,Linux
1000,18,295.064202,347.302018,2086.697007,21.827360,2750.890587,Linux
1000,19,294.158368,347.932470,2087.490268,22.038226,2751.619332,Linux
1000,20,294.652181,347.248549,2086.630931,21.981108,2750.512769,Linux
1000,21,293.827352,346.617825,2087.450858,21.932080,2749.828115,Linux
1000,22,294.107250,346.451011,2086.272951,21.855887,2748.687099,Linux
1000,23,293.652174,347.163692,2087.101948,21.853244,2749.771058,Linux
1000,24,294.304254,347.131078,2086.005595,21.970884,2749.411811,Linux
1000,25,294.729265,346.639571,2086.978876,22.001450,2750.349162,Linux
1000,26,295.399837,347.083462,2086.471810,21.980433,2750.935542,Linux
1000,27,294.466101,347.111806,2087.019885,21.985536,2750.583328,Linux
1000,28,293.734581,347.422165,2087.724368,21.983283,2750.864397,Linux
1000,29,294.462099,346.822069,2087.597300,21.676184,2750.557652,Linux
1000,30,294.660973,346.502122,2106.502403,21.922989,2769.588487,Linux
1000,31,295.627760,349.492799,2088.230581,21.741508,2755.092648,Linux
1000,32,295.957481,349.958015,2087.212850,22.080263,2755.208609,Linux
1000,33,295.158228,348.499362,2088.501498,21.436442,2753.595530,Linux
1000,34,295.371507,349.119557,2086.744299,22.217023,2753.452386,Linux
1000,35,295.825587,348.910107,2087.966823,22.057729,2754.760246,Linux
1000,36,295.136933,349.548298,2087.378912,21.979936,2754.044079,Linux
1000,37,294.998446,346.711041,2087.359097,22.085617,2751.154201,Linux
1000,38,294.505701,347.493236,2085.998120,21.979334,2749.976391,Linux
1000,39,294.442872,346.102061,2087.981540,22.166251,2750.692724,Linux
1000,40,293.864836,347.300619,2087.925932,22.087233,2751.178620,Linux
1000,41,295.009110,347.045374,2088.853758,21.630289,2752.538531,Linux
1000,42,295.014565,347.700827,2086.715660,22.069330,2751.500382,Linux
1000,43,295.727617,347.011584,2114.004268,22.261576,2779.005045,Linux
1000,44,294.522007,348.716171,2113.657578,21.650954,2778.546710,Linux
1000,45,294.957366,346.643678,2088.048866,22.062771,2751.712681,Linux
1000,46,295.357886,347.964239,2086.870761,21.998474,2752.191360,Linux
1000,47,295.154047,347.735195,2092.764103,22.063224,2757.716569,Linux
1000,48,294.696154,348.386249,2114.402882,21.997077,2779.482362,Linux
1000,49,294.298563,347.272234,2119.771316,21.971677,2783.313790,Linux
1000,50,294.058290,344.729873,2113.505948,21.351350,2773.645461,Linux
1000,51,294.118458,346.649140,2119.919810,22.140657,2782.828065,Linux
1000,52,294.808292,347.530501,2110.742599,21.771858,2774.853250,Linux
1000,53,295.422684,349.572835,2089.249199,22.030375,2756.275093,Linux
1000,54,295.055001,348.828559,2090.163937,21.931302,2755.978799,Linux
1000,55,295.781204,346.122443,2087.597947,21.964579,2751.466173,Linux
1000,56,295.476675,347.243254,2087.562864,22.102499,2752.385292,Linux
1000,57,292.989010,346.406866,2085.641864,22.187118,2747.224858,Linux
1000,58,294.236794,346.918491,2086.721698,21.887322,2749.764305,Linux
1000,59,294.325469,346.483507,2088.630036,22.038996,2751.478008,Linux
1000,60,294.846455,347.421390,2087.081724,21.976008,2751.325577,Linux
1000,61,294.323873,348.037592,2089.525488,22.076797,2753.963750,Linux
1000,62,294.437655,347.299947,2095.037995,22.008697,2758.784294,Linux
1000,63,293.472417,343.383609,2086.799922,22.050994,2745.706942,Linux
1000,64,294.468920,346.525612,2087.316196,21.842837,2750.153565,Linux
1000,65,294.754823,348.288039,2088.879692,22.227846,2754.150400,Linux
1000,66,293.536841,347.216827,2087.464208,22.005753,2750.223629,Linux
1000,67,294.640822,348.349083,2101.386322,21.853068,2766.229295,Linux
1000,68,295.865306,348.017054,2104.385628,21.384510,2769.652498,Linux
1000,69,294.855940,347.422419,2103.544839,22.313727,2768.136925,Linux
1000,70,294.475898,348.838080,2098.792888,22.090986,2764.197852,Linux
1000,71,295.132229,348.409105,2087.403782,22.199164,2753.144280,Linux
1000,72,294.639701,346.315534,2087.111798,22.016794,2750.083827,Linux
1000,73,294.623033,349.238489,2087.333654,22.074173,2753.269349,Linux
1000,74,293.839169,346.521322,2087.403935,22.028092,2749.792518,Linux
1000,75,295.609560,347.015824,2086.255032,21.931254,2750.811670,Linux
1000,76,295.627627,348.533533,2088.032126,22.310298,2754.503584,Linux
1000,77,294.929240,349.625166,2087.175721,22.074311,2753.804438,Linux
1000,78,294.769338,349.488481,2088.815758,22.272384,2755.345961,Linux
1000,79,297.125201,350.340125,2086.934395,22.182654,2756.582375,Linux
1000,80,295.324519,348.384562,2088.907955,22.134995,2754.752031,Linux
1000,81,294.696141,349.638832,2087.072406,22.123977,2753.531356,Linux
1000,82,294.928281,349.378792,2088.011767,22.396842,2754.715682,Linux
1000,83,295.060746,347.932615,2100.948849,22.090090,2766.032300,Linux
1000,84,295.341807,348.430762,2088.907636,22.330247,2755.010452,Linux
1000,85,294.976126,347.248170,2087.485352,22.109650,2751.819298,Linux
1000,86,295.051959,349.038163,2091.390108,22.222074,2757.702304,Linux
1000,87,295.128656,349.212836,2099.577635,22.052648,2765.971775,Linux
1000,88,295.880557,348.776245,2104.955198,21.847868,2771.459868,Linux
1000,89,294.564962,348.039102,2099.732426,22.195090,2764.531580,Linux
1000,90,295.094978,350.410369,2088.444400,22.127220,2756.076967,Linux
1000,91,294.723000,349.965776,2088.139356,22.106993,2754.935125,Linux
1000,92,295.524176,350.553927,2117.928089,21.844787,2785.850979,Linux
1000,93,295.633126,348.971785,2116.995213,22.309438,2783.909562,Linux
1000,94,294.276297,347.214836,2120.727323,22.066443,2784.284899,Linux
1000,95,295.029499,348.195868,2118.315342,22.275713,2783.816422,Linux
1000,96,293.292915,345.804161,2112.197840,21.800273,2773.095189,Linux
1000,97,293.998838,345.526730,2116.032289,22.109456,2777.667313,Linux
1000,98,293.948485,346.170602,2117.240725,22.049699,2779.409511,Linux
1000,99,294.173683,347.296032,2118.886758,22.113503,2782.469976,Linux
1000,100,293.884577,347.574705,2111.232894,21.851149,2774.543325,Linux
100,1,33.477900,36.067400,256.977900,5.263600,331.786800,Windows
100,2,21.905000,36.007100,279.892600,7.276200,345.080900,Windows
100,3,22.206000,35.193000,282.861800,7.557400,347.818200,Windows
100,4,22.628200,28.695500,234.437800,6.356600,292.118100,Windows
100,5,18.000000,25.489000,245.308400,6.678400,295.475800,Windows
100,6,20.306600,25.436900,232.946900,6.164000,284.854400,Windows
100,7,18.467900,27.405900,229.667400,6.290100,281.831300,Windows
100,8,19.386800,25.066600,237.498800,6.395300,288.347500,Windows
100,9,18.264900,24.639700,231.067400,6.561300,280.533300,Windows
100,10,17.860100,25.244200,228.931200,6.985900,279.021400,Windows
100,11,19.261100,25.239400,230.707900,6.396700,281.605100,Windows
100,12,18.217100,26.554800,231.071600,6.239500,282.083000,Windows
100,13,17.833000,23.826000,230.236100,6.345800,278.240900,Windows
100,14,18.626800,25.257300,226.787700,8.287300,278.959100,Windows
100,15,18.781700,26.417900,225.868100,6.370800,277.438500,Windows
100,16,19.168900,25.524100,223.631500,6.632600,274.957100,Windows
100,17,19.411400,24.963600,224.844400,6.306100,275.525500,Windows
100,18,18.509800,25.619700,227.618000,6.304800,278.052300,Windows
100,19,19.098500,26.590300,238.244500,5.606400,289.539700,Windows
100,20,18.615100,25.012300,230.168100,6.023400,279.818900,Windows
100,21,17.593900,23.611300,226.098800,6.074400,273.378400,Windows
100,22,18.010100,25.395100,226.331400,6.152400,275.889000,Windows
100,23,20.777200,30.572000,231.952100,8.133800,291.435100,Windows
100,24,19.772700,26.100500,226.099600,6.225900,278.198700,Windows
100,25,19.380000,26.785100,227.178500,6.422000,279.765600,Windows
100,26,19.494200,26.835300,230.284900,6.203100,282.817500,Windows
100,27,18.537500,26.000400,235.184400,6.084700,285.807000,Windows
100,28,18.293300,25.530500,231.061700,6.220700,281.106200,Windows
100,29,19.186200,26.866200,238.122800,6.253600,290.428800,Windows
100,30,20.163100,27.253000,229.431400,8.144700,284.992200,Windows
100,31,19.669800,26.043200,230.090300,6.312900,282.116200,Windows
100,32,19.056400,25.554400,227.155500,6.266700,278.033000,Windows
100,33,19.085800,26.030500,227.481000,6.594800,279.192100,Windows
100,34,18.566100,26.943500,231.104400,6.316700,282.930700,Windows
100,35,20.243200,28.077400,232.161900,6.311000,286.793500,Windows
100,36,18.346000,24.924200,233.594200,6.223200,283.087600,Windows
100,37,18.795000,25.105100,231.331900,6.147700,281.379700,Windows
100,38,18.313500,27.708400,230.212100,7.629900,283.863900,Windows
100,39,20.248500,25.449500,228.078000,6.665200,280.441200,Windows
100,40,19.389600,26.552400,229.832400,6.155400,281.929800,Windows
100,41,19.901000,26.078300,230.500700,6.377900,282.857900,Windows
100,42,20.854300,26.680700,230.600700,7.686100,285.821800,Windows
100,43,19.842500,26.236100,230.113400,6.351200,282.543200,Windows
100,44,18.691100,24.872400,232.504200,6.851900,282.919600,Windows
100,45,18.501000,25.372300,227.545200,7.462900,278.881400,Windows
100,46,18.290700,25.159800,235.364600,7.936100,286.751200,Windows
100,47,19.490700,25.477100,234.529000,6.389200,285.886000,Windows
100,48,18.522500,24.806700,232.954600,5.995000,282.278800,Windows
100,49,18.789700,25.315300,228.049600,6.281100,278.435700,Windows
100,50,18.622700,27.226400,231.149000,6.150200,283.148300,Windows
100,51,18.844200,25.506400,226.041600,6.237900,276.630100,Windows
100,52,19.702500,26.129800,230.603200,6.092100,282.527600,Windows
100,53,19.351900,25.990200,228.325500,6.923200,280.590800,Windows
100,54,19.339700,26.906600,232.295500,6.439900,284.981700,Windows
100,55,20.637100,25.875500,228.661000,6.638300,281.811900,Windows
100,56,21.552900,26.766700,236.866300,6.266400,291.452300,Windows
100,57,20.087800,25.486400,229.614200,6.185000,281.373400,Windows
100,58,20.109000,25.863800,230.285600,6.318300,282.576700,Windows
100,59,19.574100,26.945900,225.623000,6.333500,278.476500,Windows
100,60,20.134600,27.195700,230.878400,6.317800,284.526500,Windows
100,61,18.411100,29.078000,231.550400,6.510200,285.549700,Windows
100,62,19.449100,26.665600,233.677700,6.379700,286.172100,Windows
100,63,18.535500,24.493000,232.684700,6.303500,282.016700,Windows
100,64,18.392900,25.019400,245.087000,6.217800,294.717100,Windows
100,65,18.787500,24.782800,229.747500,6.274900,279.592700,Windows
100,66,19.062600,27.974200,229.914300,6.966800,283.917900,Windows
100,67,19.123600,27.415800,230.123200,6.295200,282.957800,Windows
100,68,18.028700,24.450900,227.509100,6.330700,276.319400,Windows
100,69,19.511600,25.947600,231.301600,6.365500,283.126300,Windows
100,70,19.963800,28.788600,225.366700,6.423300,280.542400,Windows
100,71,19.469700,26.320900,225.698900,6.245000,277.734500,Windows
100,72,18.629800,26.738300,224.969300,6.381600,276.719000,Windows
100,73,19.360700,27.976000,230.598700,6.668600,284.604000,Windows
100,74,21.839100,28.122600,232.935100,6.637000,289.533800,Windows
100,75,17.930800,26.321500,234.315600,7.993200,286.561100,Windows
100,76,19.268800,26.786100,224.981300,7.366900,278.403100,Windows
100,77,19.791300,27.919000,230.134900,6.880200,284.725400,Windows
100,78,17.853100,24.611200,229.325400,6.511500,278.301200,Windows
100,79,18.974100,26.867000,226.433700,6.433200,278.708000,Windows
100,80,19.486300,26.802600,230.227100,6.811500,283.327500,Windows
100,81,19.861200,27.525700,233.735300,6.799400,287.921600,Windows
100,82,18.559700,25.089700,229.306300,6.382400,279.338100,Windows
100,83,19.120600,27.887000,223.823000,6.290200,277.120800,Windows
100,84,18.891400,28.278600,227.350300,6.289900,280.810200,Windows
100,85,18.633800,26.351000,227.496900,8.154000,280.635700,Windows
100,86,18.844900,27.165400,227.020100,6.309200,279.339600,Windows
100,87,18.536500,25.907000,236.131500,6.340400,286.915400,Windows
100,88,18.193700,25.325700,232.509900,6.457100,282.486400,Windows
100,89,17.605700,24.913800,227.179200,6.170400,275.869100,Windows
100,90,20.313000,26.381700,225.023800,6.282600,278.001100,Windows
100,91,18.750600,27.243700,230.733000,7.902000,284.629300,Windows
100,92,19.258800,25.735200,228.512900,6.294200,279.801100,Windows
100,93,18.761800,27.036600,229.381900,6.415000,281.595300,Windows
100,94,18.570900,26.375200,223.941900,6.219800,275.107800,Windows
100,95,18.746700,26.047600,228.865000,10.792000,284.451300,Windows
100,96,18.215800,27.331000,230.173000,8.046800,283.766600,Windows
100,97,22.146400,28.747200,231.044900,6.492500,288.431000,Windows
100,98,19.050600,28.416400,223.632000,8.373100,279.472100,Windows
100,99,19.691300,28.149400,227.619500,6.412400,281.872600,Windows
100,100,19.585800,27.007100,224.513800,7.026100,278.132800,Windows
200,1,52.583800,68.928600,468.046800,12.653000,602.212200,Windows
200,2,35.971200,68.656900,462.738400,14.787400,582.153900,Windows
200,3,36.200800,52.128500,452.445400,16.279300,557.054000,Windows
200,4,38.771400,53.125100,455.478900,16.348400,563.723800,Windows
200,5,39.296900,55.366100,455.158000,16.367700,566.188700,Windows
200,6,39.857000,53.903000,451.668700,15.753700,561.182400,Windows
200,7,38.901900,53.223000,458.063700,15.093100,565.281700,Windows
200,8,36.562600,54.573300,457.725600,15.342300,564.203800,Windows
200,9,39.403800,54.449000,451.287600,15.283100,560.423500,Windows
200,10,40.594400,53.035000,461.982400,13.916400,569.528200,Windows
200,11,36.466600,52.215700,465.309600,13.547100,567.539000,Windows
200,12,38.190400,53.422100,455.947300,15.277300,562.837100,Windows
200,13,39.014800,52.517800,462.370100,13.992400,567.895100,Windows
200,14,38.832000,52.632900,449.110900,15.253100,555.828900,Windows
200,15,39.234600,53.383600,452.826400,15.154200,560.598800,Windows
200,16,39.446800,55.405000,459.472000,15.252300,569.576100,Windows
200,17,39.337700,55.371900,457.140300,13.456600,565.306500,Windows
200,18,39.550200,54.822000,447.101400,15.174500,556.648100,Windows
200,19,39.483500,53.856800,451.833400,12.535500,557.709200,Windows
200,20,38.921900,53.943700,451.322700,14.942400,559.130700,Windows
200,21,39.459100,53.946900,459.123600,15.289100,567.818700,Windows
200,22,40.308200,53.836100,449.642100,16.271700,560.058100,Windows
200,23,39.450100,52.978400,458.758300,15.678800,566.865600,Windows
200,24,39.269700,53.192500,461.115800,16.864000,570.442000,Windows
200,25,39.330000,53.784500,459.833500,17.590000,570.538000,Windows
200,26,39.427100,53.236100,457.003200,15.237300,564.903700,Windows
200,27,39.450900,54.229900,449.638200,15.532700,558.851700,Windows
200,28,39.404900,54.403100,458.805500,15.218100,567.831600,Windows
200,29,39.410700,53.722300,458.515400,15.931500,567.579900,Windows
200,30,38.922000,53.670900,454.039300,15.465200,562.097400,Windows
200,31,39.524900,53.981500,467.984100,12.309500,573.800000,Windows
200,32,39.003700,55.310200,453.846400,15.433200,563.593500,Windows
200,33,39.621600,54.977500,456.031300,20.124400,570.754800,Windows
200,34,39.969800,54.229900,491.427000,20.663900,606.290600,Windows
200,35,36.656400,53.953200,454.004100,20.805100,565.418800,Windows
200,36,39.565500,54.647000,457.520400,20.734300,572.467200,Windows
200,37,39.777000,54.061500,459.589400,15.954900,569.382800,Windows
200,38,39.440300,53.688800,453.027400,14.553700,560.710200,Windows
200,39,38.616900,52.610700,460.809600,14.672300,566.709500,Windows
200,40,36.765600,51.944700,457.245300,13.598200,559.553800,Windows
200,41,39.054400,54.642400,462.320800,15.536600,571.554200,Windows
200,42,36.041800,53.236700,455.080300,15.327300,559.686100,Windows
200,43,38.971600,53.325100,460.292600,12.863100,565.452400,Windows
200,44,37.754200,55.218500,451.707100,15.787400,560.467200,Windows
200,45,39.070900,53.055400,461.339600,15.284300,568.750200,Windows
200,46,39.310400,52.493800,456.021100,15.399900,563.225200,Windows
200,47,39.818400,52.451700,452.625900,15.154400,560.050400,Windows
200,48,39.513700,53.571000,453.242200,16.034600,562.361500,Windows
200,49,38.231100,53.672300,453.117600,12.373600,557.394600,Windows
200,50,38.448500,54.626100,454.719000,12.699000,560.492600,Windows
200,51,38.062100,54.038800,455.275800,15.587200,562.963900,Windows
200,52,39.581500,54.314800,453.985300,15.414700,563.296300,Windows
200,53,38.633600,53.594100,452.473800,15.693000,560.394500,Windows
200,54,39.232400,53.761500,459.767000,15.446700,568.207600,Windows
200,55,38.072800,54.696600,461.451700,16.065200,570.286300,Windows
200,56,39.530200,53.779500,456.961100,15.598900,565.869700,Windows
200,57,39.287700,53.357700,454.781400,15.667500,563.094300,Windows
200,58,39.320900,54.492300,457.090100,15.981600,566.884900,Windows
200,59,38.903600,54.068700,452.204300,15.518900,560.695500,Windows
200,60,38.554200,53.889500,455.285600,16.572500,564.301800,Windows
200,61,39.308900,53.201700,457.766100,15.156900,565.433600,Windows
200,62,36.597900,52.111900,458.060500,15.403500,562.173800,Windows
200,63,39.286700,53.602900,457.153700,15.336000,565.379300,Windows
200,64,39.471700,54.083000,454.926500,16.082500,564.563700,Windows
200,65,39.149200,53.595800,460.464700,15.517900,568.727600,Windows
200,66,39.276600,53.616200,452.378400,15.759700,561.030900,Windows
200,67,40.062300,53.096400,454.839200,15.374000,563.371900,Windows
200,68,39.451000,53.808600,452.654200,14.482200,560.396000,Windows
200,69,39.518300,55.671200,460.613400,15.614200,571.417100,Windows
200,70,39.346300,53.545200,452.972100,15.667300,561.530900,Windows
200,71,39.211400,52.747300,457.834900,15.760300,565.553900,Windows
200,72,41.298700,52.941600,461.120600,16.480800,571.841700,Windows
200,73,39.282900,53.000800,458.082500,15.419600,565.785800,Windows
200,74,39.911500,53.162700,457.379900,15.749100,566.203200,Windows
200,75,38.729100,53.321700,457.578600,16.968100,566.597500,Windows
200,76,39.165500,52.651600,461.710300,15.415600,568.943000,Windows
200,77,39.839700,53.170900,457.929400,16.222200,567.162200,Windows
200,78,39.231900,52.510000,453.071600,15.111600,559.925100,Windows
200,79,39.729900,53.672700,448.316800,15.163100,556.882500,Windows
200,80,39.177100,53.729100,452.196100,15.377400,560.479700,Windows
200,81,38.697100,53.271500,462.477500,15.611900,570.058000,Windows
200,82,40.354600,52.749000,458.848600,12.729200,564.681400,Windows
200,83,38.710500,54.766900,456.540100,15.476600,565.494100,Windows
200,84,39.582100,53.147400,457.788700,15.587400,566.105600,Windows
200,85,39.822400,54.008300,457.257900,15.604000,566.692600,Windows
200,86,39.591000,53.288700,456.728100,15.380700,564.988500,Windows
200,87,38.894800,53.067200,460.914200,14.520700,567.396900,Windows
200,88,39.613500,53.427500,461.662400,12.777100,567.480500,Windows
200,89,36.455300,54.440000,464.304900,14.851100,570.051300,Windows
200,90,35.619600,50.396300,453.917100,13.175100,553.108100,Windows
200,91,38.066600,52.717800,447.606900,16.493200,554.884500,Windows
200,92,39.356500,52.107000,452.639000,13.128900,557.231400,Windows
200,93,38.632100,51.531300,458.730100,15.476700,564.370200,Windows
200,94,39.235500,51.008600,455.118300,14.890900,560.253300,Windows
200,95,39.635000,52.661900,457.850600,15.204500,565.352000,Windows
200,96,40.430600,52.087600,454.424800,15.218800,562.161800,Windows
200,97,39.612200,52.120600,454.552500,14.284200,560.569500,Windows
200,98,39.360100,51.890900,455.194900,15.822900,562.268800,Windows
200,99,39.289700,51.812700,463.468900,15.314600,569.885900,Windows
200,100,39.043000,52.237200,452.102400,15.022200,558.404800,Windows
300,1,59.782800,103.240700,689.524500,22.876700,875.424700,Windows
300,2,56.103800,78.883900,690.709600,23.581300,849.278600,Windows
300,3,59.660300,85.337700,681.165200,23.511500,849.674700,Windows
300,4,59.432400,82.556700,684.766300,23.983800,850.739200,Windows
300,5,58.898800,80.697600,696.766600,23.684200,860.047200,Windows
300,6,59.494500,81.129700,686.573900,22.565800,849.763900,Windows
300,7,59.758300,80.173600,687.037400,23.777900,850.747200,Windows
300,8,59.707600,81.836900,682.807600,18.966200,843.318300,Windows
300,9,58.614900,79.469900,691.475900,23.510600,853.071300,Windows
300,10,59.460200,81.394300,683.060300,23.460500,847.375300,Windows
300,11,58.967700,78.949400,691.248600,24.418200,853.583900,Windows
300,12,59.144700,78.428300,686.331600,23.074500,846.979100,Windows
300,13,59.857300,82.115000,685.352500,22.169600,849.494400,Windows
300,14,59.108300,79.548700,684.251900,23.499000,846.407900,Windows
300,15,57.391100,78.402600,681.506400,18.670700,835.970800,Windows
300,16,57.610700,76.856700,675.866500,23.709700,834.043600,Windows
300,17,60.865400,80.081600,685.780200,22.647800,849.375000,Windows
300,18,59.324800,82.554000,676.434400,23.363600,841.676800,Windows
300,19,60.341800,84.286500,690.882800,21.872900,857.384000,Windows
300,20,60.401100,81.616800,678.435800,23.419900,843.873600,Windows
300,21,58.660300,78.041800,676.909700,23.030000,836.641800,Windows
300,22,58.256800,78.833000,682.386600,23.052000,842.528400,Windows
300,23,59.428400,78.571100,686.239500,23.481800,847.720800,Windows
300,24,59.172300,83.004800,694.859200,23.223400,860.259700,Windows
300,25,59.070300,82.617400,689.551500,23.391900,854.631100,Windows
300,26,59.201200,81.539600,705.621600,18.883700,865.246100,Windows
300,27,52.638800,75.136900,691.119100,23.189100,842.083900,Windows
300,28,59.214700,81.889900,685.946300,23.336500,850.387400,Windows
300,29,60.152600,83.133200,678.935600,23.405900,845.627300,Windows
300,30,59.166500,79.819100,679.389100,23.225500,841.600200,Windows
300,31,58.762500,78.460700,679.320700,18.704600,835.248500,Windows
300,32,59.420800,80.369300,683.193300,22.600700,845.584100,Windows
300,33,59.753500,78.980200,685.712000,23.286500,847.732200,Windows
300,34,59.391300,81.016800,685.983900,20.482000,846.874000,Windows
300,35,58.982800,78.583300,687.756400,24.099000,849.421500,Windows
300,36,60.177800,80.514900,689.116100,20.776400,850.585200,Windows
300,37,59.489100,79.546700,687.965400,18.696300,845.697500,Windows
300,38,58.509000,79.240700,688.820500,22.992900,849.563100,Windows
300,39,58.840700,79.444800,693.153500,18.972600,850.411600,Windows
300,40,56.940900,82.406300,682.476500,21.818500,843.642200,Windows
300,41,60.335700,79.772700,695.603300,26.051100,861.762800,Windows
300,42,59.456800,78.396900,680.416300,22.943600,841.213600,Windows
300,43,58.956300,79.722400,689.415500,19.169700,847.263900,Windows
300,44,59.117700,79.971500,685.891000,23.276700,848.256900,Windows
300,45,57.600300,79.443300,688.321600,23.427200,848.792400,Windows
300,46,59.126400,79.288400,681.655700,22.020100,842.090600,Windows
300,47,58.990400,82.923700,687.167600,23.195800,852.277500,Windows
300,48,59.180500,82.671300,682.594500,24.623500,849.069800,Windows
300,49,59.446300,83.224000,691.929900,23.612700,858.212900,Windows
300,50,60.167800,82.168300,675.210300,22.127700,839.674100,Windows
300,51,60.220700,83.992200,679.631600,23.339800,847.184300,Windows
300,52,62.045100,83.804700,681.831700,22.984200,850.665700,Windows
300,53,59.624500,79.047700,684.029500,22.456000,845.157700,Windows
300,54,59.540000,81.787200,676.615100,18.584700,836.527000,Windows
300,55,60.037700,80.422900,678.418000,23.149600,842.028200,Windows
300,56,59.375300,85.572300,682.998800,18.559300,846.505700,Windows
300,57,55.902900,76.880600,676.026500,23.096000,831.906000,Windows
300,58,59.581600,83.187400,680.853900,20.882200,844.505100,Windows
300,59,59.741800,79.995000,674.872000,18.505700,833.114500,Windows
300,60,55.065900,79.907600,675.708700,22.951300,833.633500,Windows
300,61,60.180300,83.760900,683.897800,18.862500,846.701500,Windows
300,62,57.692200,81.884300,682.326700,22.733500,844.636700,Windows
300,63,58.032200,79.665000,678.532500,18.743100,834.972800,Windows
300,64,56.024200,79.002600,683.242000,20.467100,838.735900,Windows
300,65,61.164900,87.640300,724.865000,24.336100,898.006300,Windows
300,66,60.577300,94.938800,793.695100,25.155300,974.366500,Windows
300,67,58.110200,82.937300,748.270900,25.602400,914.920800,Windows
300,68,67.663400,81.895400,800.477500,24.278700,974.315000,Windows
300,69,71.607100,87.894200,684.071700,18.724500,862.297500,Windows
300,70,61.970700,88.491900,685.093500,25.052500,860.608600,Windows
300,71,63.189100,103.768500,778.153300,24.149200,969.260100,Windows
300,72,57.582500,81.036100,696.394700,24.208500,859.221800,Windows
300,73,65.664700,78.273600,720.354400,24.736500,889.029200,Windows
300,74,59.500900,82.993200,722.747400,21.336300,886.577800,Windows
300,75,61.822500,91.942600,690.920500,20.652300,865.337900,Windows
300,76,56.049900,78.856300,750.475500,26.042800,911.424500,Windows
300,77,63.467300,84.771800,778.142500,25.138900,951.520500,Windows
300,78,62.139700,88.437700,785.853600,24.308400,960.739400,Windows
300,79,64.450900,90.856000,788.652400,22.747000,966.706300,Windows
300,80,60.758400,75.890800,678.338700,22.116300,837.104200,Windows
300,81,59.048500,76.691200,676.115700,23.758300,835.613700,Windows
300,82,60.093500,78.032700,680.523800,23.140000,841.790000,Windows
300,83,59.918800,83.362200,685.408500,18.933700,847.623200,Windows
300,84,64.663800,80.967900,733.230000,18.535600,897.397300,Windows
300,85,55.312400,81.164000,783.828500,22.942700,943.247600,Windows
300,86,56.563100,74.980500,677.936600,19.355300,828.835500,Windows
300,87,56.403300,76.503100,683.747800,22.670800,839.325000,Windows
300,88,59.621800,78.453200,682.488500,22.003100,842.566600,Windows
300,89,59.609700,79.823800,682.572500,25.052700,847.058700,Windows
300,90,59.706000,77.104300,684.950500,23.953900,845.714700,Windows
300,91,60.401800,80.701600,761.436500,21.076800,923.616700,Windows
300,92,56.282600,79.523100,682.699900,23.389700,841.895300,Windows
300,93,59.781800,80.944400,678.636800,18.660100,838.023100,Windows
300,94,58.733200,75.792800,677.465100,22.646600,834.637700,Windows
300,95,59.015300,84.374100,959.239400,28.725600,1131.354400,Windows
300,96,70.236300,83.664100,697.678300,23.962800,875.541500,Windows
300,97,58.521100,79.715500,688.741900,19.145500,846.124000,Windows
300,98,61.360600,87.495400,719.322800,22.017600,890.196400,Windows
300,99,56.949800,77.194600,675.530100,24.723300,834.397800,Windows
300,100,56.992900,77.898300,677.324000,24.413500,836.628700,Windows
400,1,81.734400,141.485300,903.094100,24.782300,1151.096100,Windows
400,2,77.184000,132.171900,932.242200,27.184600,1168.782700,Windows
400,3,73.802000,103.268100,900.398900,32.817500,1110.286500,Windows
400,4,79.431900,110.482400,904.847400,26.804200,1121.565900,Windows
400,5,79.042800,105.450800,894.865400,29.210200,1108.569200,Windows
400,6,80.133200,106.010400,895.116100,32.976500,1114.236200,Windows
400,7,80.083900,106.066400,922.234600,32.716700,1141.101600,Windows
400,8,84.757100,121.940200,926.989700,26.332400,1160.019400,Windows
400,9,73.694900,105.888000,903.613100,27.573000,1110.769000,Windows
400,10,80.709100,105.386100,906.199800,32.474700,1124.769700,Windows
400,11,81.111900,106.907800,901.906300,31.396800,1121.322800,Windows
400,12,80.502900,109.312700,911.664100,25.436900,1126.916600,Windows
400,13,73.076200,106.681800,916.504100,25.061300,1121.323400,Windows
400,14,72.827600,104.170400,906.386400,30.100400,1113.484800,Windows
400,15,76.800200,106.246500,899.590600,32.068700,1114.706000,Windows
400,16,80.736400,107.584700,895.957300,32.270500,1116.548900,Windows
400,17,80.735800,104.873100,905.417000,29.941800,1120.967700,Windows
400,18,79.014300,104.216400,893.815800,24.861900,1101.908400,Windows
400,19,76.993800,105.768300,892.994800,29.324000,1105.080900,Windows
400,20,80.070000,107.390200,892.340100,30.550600,1110.350900,Windows
400,21,80.338400,109.978600,894.269000,31.871700,1116.457700,Windows
400,22,79.647500,104.405900,894.120300,30.951300,1109.125000,Windows
400,23,80.445200,111.106500,894.788600,30.896700,1117.237000,Windows
400,24,79.586900,105.694600,895.096400,31.064200,1111.442100,Windows
400,25,79.736600,110.353100,888.382100,25.293100,1103.764900,Windows
400,26,77.900400,107.115400,896.209400,30.976600,1112.201800,Windows
400,27,75.438600,103.865500,889.946600,31.346500,1100.597200,Windows
400,28,80.063000,106.535700,894.236300,30.979200,1111.814200,Windows
400,29,78.621300,104.664300,888.855900,30.532400,1102.673900,Windows
400,30,80.265700,110.504600,889.440400,31.037900,1111.248600,Windows
400,31,80.298800,108.849500,892.928800,32.142200,1114.219300,Windows
400,32,80.806400,110.954800,895.756400,31.037000,1118.554600,Windows
400,33,80.081500,107.829000,899.479700,24.648500,1112.038700,Windows
400,34,77.426800,105.713200,896.337700,31.151000,1110.628700,Windows
400,35,75.418700,107.995500,889.964700,31.130000,1104.508900,Windows
400,36,79.954200,107.504400,891.149700,31.583300,1110.191600,Windows
400,37,78.992000,105.339500,900.079800,24.869700,1109.281000,Windows
400,38,73.412000,104.564200,893.729600,30.881400,1102.587200,Windows
400,39,78.700400,106.307100,893.746100,31.718400,1110.472000,Windows
400,40,79.304600,106.587300,899.046900,31.594200,1116.533000,Windows
400,41,80.936500,108.981900,892.285400,30.818600,1113.022400,Windows
400,42,79.328000,103.733900,889.055400,31.610400,1103.727700,Windows
400,43,79.027900,107.226100,892.598500,30.078600,1108.931100,Windows
400,44,80.439900,106.149100,897.350700,33.511300,1117.451000,Windows
400,45,79.641200,108.417200,895.342400,24.768400,1108.169200,Windows
400,46,73.582900,106.604100,888.993700,32.846200,1102.026900,Windows
400,47,80.764600,110.062500,889.644800,33.622600,1114.094500,Windows
400,48,79.945400,112.135600,909.795700,30.173400,1132.050100,Windows
400,49,80.580300,110.869500,899.639700,25.161100,1116.250600,Windows
400,50,75.649700,107.702700,942.272400,33.190700,1158.815500,Windows
400,51,75.016100,106.093800,917.378900,30.256300,1128.745100,Windows
400,52,76.954800,108.396900,895.028400,32.432600,1112.812700,Windows
400,53,77.573000,108.585300,896.203000,25.238600,1107.599900,Windows
400,54,79.408800,107.160300,898.120000,33.268800,1117.957900,Windows
400,55,80.086400,110.133300,900.006700,33.323600,1123.550000,Windows
400,56,80.793300,108.432200,898.641000,33.020900,1120.887400,Windows
400,57,80.042500,112.220100,894.288400,32.684300,1119.235300,Windows
400,58,80.169400,109.529000,895.610100,28.967600,1114.276100,Windows
400,59,81.563200,108.418400,890.684400,31.030800,1111.696800,Windows
400,60,82.045400,108.486000,897.643100,32.874600,1121.049100,Windows
400,61,79.929900,109.899800,898.840100,32.218400,1120.888200,Windows
400,62,81.124300,106.672000,901.442900,24.657300,1113.896500,Windows
400,63,77.300000,106.778800,899.663500,25.381900,1109.124200,Windows
400,64,74.179600,103.523200,894.494500,30.707000,1102.904300,Windows
400,65,78.397100,107.830200,889.160000,28.939500,1104.326800,Windows
400,66,79.929200,111.416300,890.369100,32.118700,1113.833300,Windows
400,67,82.750000,110.568800,906.576200,25.286800,1125.181800,Windows
400,68,86.965300,109.518700,946.867300,25.630200,1168.981500,Windows
400,69,74.050400,102.592500,983.819300,28.989200,1189.451400,Windows
400,70,73.307500,104.569700,905.364100,32.746800,1115.988100,Windows
400,71,77.890500,102.643000,908.419000,28.564700,1117.517200,Windows
400,72,80.013500,105.278500,910.572100,30.006300,1125.870400,Windows
400,73,82.192000,108.150700,904.559900,32.785100,1127.687700,Windows
400,74,81.796500,107.016200,901.684800,24.894400,1115.391900,Windows
400,75,74.073500,106.246100,915.434700,31.332200,1127.086500,Windows
400,76,79.012400,105.321400,904.520300,31.039900,1119.894000,Windows
400,77,79.938000,107.608000,911.216100,31.511100,1130.273200,Windows
400,78,80.821600,110.328100,907.024700,25.801500,1123.975900,Windows
400,79,79.189500,107.415700,903.233900,29.918800,1119.757900,Windows
400,80,79.157800,105.014000,934.869000,31.345300,1150.386100,Windows
400,81,74.457900,103.731100,915.054000,31.509700,1124.752700,Windows
400,82,79.127100,109.150800,915.183800,31.247900,1134.709600,Windows
400,83,80.143800,110.213800,916.578900,31.556700,1138.493200,Windows
400,84,79.643000,109.068800,919.007000,30.370800,1138.089600,Windows
400,85,80.120200,108.490300,918.557300,32.157400,1139.325200,Windows
400,86,80.019900,110.007000,921.877000,31.570000,1143.473900,Windows
400,87,80.686200,108.880400,911.289700,31.685700,1132.542000,Windows
400,88,79.747200,110.417200,910.700800,30.933000,1131.798200,Windows
400,89,80.311800,106.698700,921.159700,31.592400,1139.762600,Windows
400,90,80.028400,110.058300,917.607400,25.237800,1132.931900,Windows
400,91,76.818300,106.761500,915.653800,30.528300,1129.761900,Windows
400,92,79.966600,111.223100,911.621300,30.855500,1133.666500,Windows
400,93,80.511900,110.294600,910.598100,31.159000,1132.563600,Windows
400,94,80.075300,109.840400,911.382400,30.698700,1131.996800,Windows
400,95,81.595300,110.236900,910.904700,31.720600,1134.457500,Windows
400,96,80.095800,110.988100,910.646000,31.479100,1133.209000,Windows
400,97,80.346600,110.879200,913.658900,31.735900,1136.620600,Windows
400,98,80.028700,109.187700,911.476600,30.929900,1131.622900,Windows
400,99,79.496100,106.543500,913.314000,30.634000,1129.987600,Windows
400,100,80.178900,110.591700,911.085600,34.045100,1135.901300,Windows
500,1,101.080700,156.658900,1138.517800,38.766200,1435.023600,Windows
500,2,96.774500,151.541400,1145.312400,38.681900,1432.310200,Windows
500,3,92.946000,129.095800,1141.647500,38.481200,1402.170500,Windows
500,4,99.289000,132.704400,1143.421900,38.761100,1414.176400,Windows
500,5,99.599000,135.960900,1139.774600,39.516700,1414.851200,Windows
500,6,98.846900,134.962800,1138.101300,39.532900,1411.443900,Windows
500,7,100.837700,132.517800,1143.265900,38.467500,1415.088900,Windows
500,8,99.266900,131.998900,1138.824800,33.919800,1404.010400,Windows
500,9,98.470400,133.939800,1138.897300,37.488400,1408.795900,Windows
500,10,100.286200,133.501300,1138.618400,38.649400,1411.055300,Windows
500,11,101.004700,134.708200,1137.406700,38.755200,1411.874800,Windows
500,12,100.689700,134.055500,1141.756200,38.553800,1415.055200,Windows
500,13,99.798900,135.162900,1134.361300,39.680300,1409.003400,Windows
500,14,100.895600,135.785600,1144.460400,38.347700,1419.489300,Windows
500,15,98.408400,134.217100,1140.913400,38.750600,1412.289500,Windows
500,16,99.109700,134.535600,1147.246500,36.965300,1417.857100,Windows
500,17,98.752700,132.804900,1140.243000,38.448000,1410.248600,Windows
500,18,98.249400,134.288300,1137.501200,41.543700,1411.582600,Windows
500,19,100.018000,136.818000,1139.057400,37.966100,1413.859500,Windows
500,20,100.558900,137.043500,1128.012900,39.053500,1404.668800,Windows
500,21,99.614700,140.497700,1134.865000,30.938100,1405.915500,Windows
500,22,98.373500,142.087500,1147.374000,31.586700,1419.421700,Windows
500,23,87.997100,132.438100,1176.469400,31.602900,1428.507500,Windows
500,24,89.287800,135.390800,1139.068000,31.867000,1395.613600,Windows
500,25,90.350200,135.524900,1136.834600,32.306300,1395.016000,Windows
500,26,96.109900,138.437700,1146.607400,32.714200,1413.869200,Windows
500,27,96.938400,144.465900,1152.398900,31.070400,1424.873600,Windows
500,28,89.856700,139.197900,1141.636300,31.730600,1402.421500,Windows
500,29,94.603000,138.907200,1125.504400,40.473800,1399.488400,Windows
500,30,102.327800,143.264700,1132.122000,39.790300,1417.504800,Windows
500,31,99.189900,139.387500,1122.806300,39.062700,1400.446400,Windows
500,32,102.290500,137.979800,1140.182300,37.687100,1418.139700,Windows
500,33,99.255200,141.187100,1134.641600,31.017800,1406.101700,Windows
500,34,97.101100,141.947900,1131.395100,33.529500,1403.973600,Windows
500,35,100.193000,144.188300,1150.294900,37.306200,1431.982400,Windows
500,36,100.854200,147.893300,1127.094400,36.334500,1412.176400,Windows
500,37,98.955500,145.160200,1124.790700,32.308100,1401.214500,Windows
500,38,100.068000,143.213500,1143.343600,32.131200,1418.756300,Windows
500,39,93.621900,145.426600,1124.732700,39.568000,1403.349200,Windows
500,40,100.993200,146.206600,1144.716300,39.649200,1431.565300,Windows
500,41,97.739800,145.468300,1141.730500,30.907200,1415.845800,Windows
500,42,95.009400,144.636100,1135.649500,35.306700,1410.601700,Windows
500,43,93.139800,147.216400,1152.780700,37.322100,1430.459000,Windows
500,44,90.467300,138.329300,1147.135500,38.035600,1413.967700,Windows
500,45,104.069800,142.140300,1137.228800,32.484700,1415.923600,Windows
500,46,95.649000,138.863300,1143.384000,30.970000,1408.866300,Windows
500,47,98.001400,142.114300,1143.210900,32.877700,1416.204300,Windows
500,48,95.182500,140.340900,1132.562100,39.339400,1407.424900,Windows
500,49,98.727400,148.572100,1143.651500,37.432500,1428.383500,Windows
500,50,98.463300,145.142400,1137.251500,34.211700,1415.068900,Windows
500,51,99.899500,148.331300,1155.123800,38.114600,1441.469200,Windows
500,52,90.716900,136.989400,1147.375800,36.342000,1411.424100,Windows
500,53,96.358700,145.285800,1151.849200,30.827100,1424.320800,Windows
500,54,96.873800,142.217900,1140.351700,31.058200,1410.501600,Windows
500,55,95.188400,143.600700,1143.060900,37.905200,1419.755200,Windows
500,56,100.240200,145.557000,1146.667300,32.594400,1425.058900,Windows
500,57,98.021200,143.319500,1143.289600,35.815400,1420.445700,Windows
500,58,99.809000,145.150600,1130.959500,35.471800,1411.390900,Windows
500,59,96.934900,144.069200,1144.100700,39.440300,1424.545100,Windows
500,60,96.575400,143.499200,1144.129300,38.421900,1422.625800,Windows
500,61,99.749800,144.100100,1140.063700,31.240100,1415.153700,Windows
500,62,96.168900,145.558800,1151.200700,31.377500,1424.305900,Windows
500,63,90.889500,134.678600,1157.332300,32.687100,1415.587500,Windows
500,64,93.805000,135.865400,1137.992600,30.773300,1398.436300,Windows
500,65,96.024100,138.824300,1128.594300,32.235600,1395.678300,Windows
500,66,101.949300,143.911200,1128.804000,31.259000,1405.923500,Windows
500,67,97.803200,143.777700,1124.408800,41.112400,1407.102100,Windows
500,68,98.894600,144.070800,1134.743800,32.665000,1410.374200,Windows
500,69,99.031200,142.636500,1146.274800,32.025200,1419.967700,Windows
500,70,90.781200,137.485200,1136.810400,35.188000,1400.264800,Windows
500,71,91.248400,139.247200,1130.725900,31.878200,1393.099700,Windows
500,72,92.235500,141.913200,1121.210400,31.184000,1386.543100,Windows
500,73,92.620000,144.405300,1130.992300,36.630400,1404.648000,Windows
500,74,99.495600,143.429600,1122.438100,31.153000,1396.516300,Windows
500,75,93.223000,138.291100,1124.204100,37.940600,1393.658800,Windows
500,76,95.791600,143.388100,1120.025800,34.235200,1393.440700,Windows
500,77,100.758200,143.186000,1129.443000,33.347700,1406.734900,Windows
500,78,93.241500,142.674100,1123.384900,31.315500,1390.616000,Windows
500,79,94.298200,141.859600,1140.133500,39.229800,1415.521100,Windows
500,80,91.449300,142.538700,1125.274800,33.559700,1392.822500,Windows
500,81,98.383300,148.978500,1139.409500,38.591600,1425.362900,Windows
500,82,91.450200,136.463300,1139.519600,36.955400,1404.388500,Windows
500,83,94.747300,141.555300,1142.768000,38.402500,1417.473100,Windows
500,84,98.434700,138.868600,1138.978700,30.889900,1407.171900,Windows
500,85,97.568100,138.829700,1138.682200,35.734300,1410.814300,Windows
500,86,99.895800,140.475900,1138.107000,31.166800,1409.645500,Windows
500,87,94.696100,142.333800,1148.878900,37.288000,1423.196800,Windows
500,88,91.850100,134.137600,1128.463100,39.323600,1393.774400,Windows
500,89,96.070800,135.818300,1137.140800,38.193600,1407.223500,Windows
500,90,89.358600,134.130600,1142.536300,34.651500,1400.677000,Windows
500,91,95.441700,137.480500,1139.411300,36.556300,1408.889800,Windows
500,92,101.054700,136.227600,1141.564700,37.824300,1416.671300,Windows
500,93,99.466200,137.863700,1135.024600,39.342900,1411.697400,Windows
500,94,92.459100,134.388400,1129.352200,37.518600,1393.718300,Windows
500,95,101.926000,138.287400,1135.953600,38.689700,1414.856700,Windows
500,96,102.156600,138.937800,1135.010300,38.406600,1414.511300,Windows
500,97,100.124600,137.576700,1128.886400,31.338400,1397.926100,Windows
500,98,93.861600,139.733800,1143.541700,31.013700,1408.150800,Windows
500,99,91.772600,135.846400,1134.297000,39.552100,1401.468100,Windows
500,100,101.854800,138.612300,1137.135400,34.194900,1411.797400,Windows
600,1,123.922400,180.838400,1363.968400,44.950400,1713.679600,Windows
600,2,112.787400,175.925500,1378.971000,39.063800,1706.747700,Windows
600,3,107.815600,160.362600,1371.006000,37.257100,1676.441300,Windows
600,4,118.551900,164.354700,1351.316500,46.180200,1680.403300,Windows
600,5,118.339300,165.977500,1360.225300,39.676000,1684.218100,Windows
600,6,118.590500,164.342800,1353.647700,37.112100,1673.693100,Windows
600,7,114.818900,170.292600,1349.850800,46.817300,1681.779600,Windows
600,8,112.192300,165.657200,1351.069800,40.592100,1669.511400,Windows
600,9,119.570300,170.067300,1348.258700,49.164800,1687.061100,Windows
600,10,121.418300,167.858500,1367.351800,39.725500,1696.354100,Windows
600,11,109.216900,167.116500,1362.378400,45.548800,1684.260600,Windows
600,12,112.982500,173.394700,1351.875400,40.785400,1679.038000,Windows
600,13,122.386800,180.266300,1378.720200,39.098100,1720.471400,Windows
600,14,114.804600,169.429300,1368.126800,39.957600,1692.318300,Windows
600,15,113.178200,172.000200,1362.957900,38.197500,1686.333800,Windows
600,16,108.512000,170.628400,1362.737200,38.478000,1680.355600,Windows
600,17,113.703000,186.621600,1355.031000,39.104100,1694.459700,Windows
600,18,108.094200,161.100600,1365.652100,45.758800,1680.605700,Windows
600,19,119.481800,162.880300,1378.760400,45.403600,1706.526100,Windows
600,20,111.313400,168.896200,1357.997100,38.083100,1676.289800,Windows
600,21,116.225900,165.466500,1352.817300,42.196900,1676.706600,Windows
600,22,119.373700,164.387800,1361.253500,42.559300,1687.574300,Windows
600,23,118.407500,163.927800,1350.942600,44.991000,1678.268900,Windows
600,24,118.082200,164.908900,1355.080600,41.397400,1679.469100,Windows
600,25,118.167200,167.627600,1396.958000,37.096100,1719.848900,Windows
600,26,112.373400,167.584600,1371.944800,40.856700,1692.759500,Windows
600,27,111.568300,167.287200,1362.318600,40.817900,1681.992000,Windows
600,28,116.566200,165.244500,1361.533400,39.173000,1682.517100,Windows
600,29,120.638700,166.207200,1348.950100,42.360000,1678.156000,Windows
600,30,121.397000,166.496900,1354.047300,42.670800,1684.612000,Windows
600,31,120.238200,165.679200,1354.474000,44.973900,1685.365300,Windows
600,32,121.283800,168.500600,1350.234800,45.859400,1685.878600,Windows
600,33,120.399300,168.517700,1370.865300,37.423200,1697.205500,Windows
600,34,107.641500,159.129800,1361.985400,37.406200,1666.162900,Windows
600,35,114.368700,167.942900,1359.813700,43.061200,1685.186500,Windows
600,36,116.168000,165.160600,1362.855500,38.581000,1682.765100,Windows
600,37,115.517400,169.040100,1356.601600,39.843600,1681.002700,Windows
600,38,112.441500,178.533000,1341.451500,38.006700,1670.432700,Windows
600,39,108.080100,166.099400,1365.773400,40.027400,1679.980300,Windows
600,40,119.524900,171.675700,1360.123300,38.326700,1689.650600,Windows
600,41,117.242000,174.656300,1360.574100,45.418300,1697.890700,Windows
600,42,118.147000,181.376100,1391.528300,38.307300,1729.358700,Windows
600,43,106.592600,162.555400,1353.024900,50.127700,1672.300600,Windows
600,44,120.926900,172.848000,1354.436800,39.488100,1687.699800,Windows
600,45,116.993600,170.522700,1363.493900,41.400000,1692.410200,Windows
600,46,117.166700,171.411200,1355.247300,38.053600,1681.878800,Windows
600,47,113.274600,172.046000,1356.776500,45.882400,1687.979500,Windows
600,48,114.944600,177.665700,1354.994700,38.348200,1685.953200,Windows
600,49,118.312600,175.534200,1353.326200,37.812100,1684.985100,Windows
600,50,116.522500,175.466200,1350.739100,42.289500,1685.017300,Windows
600,51,119.261300,183.280300,1361.786300,49.015800,1713.343700,Windows
600,52,111.487500,171.530600,1374.686500,42.753900,1700.458500,Windows
600,53,109.541500,169.317700,1359.534400,48.552600,1686.946200,Windows
600,54,113.178900,177.559500,1365.779900,37.916300,1694.434600,Windows
600,55,115.641600,180.101500,1352.732300,48.178100,1696.653500,Windows
600,56,121.545900,178.169100,1368.704800,37.326000,1705.745800,Windows
600,57,119.170500,177.097500,1345.896100,44.498700,1686.662800,Windows
600,58,118.481000,174.058200,1352.499900,45.151400,1690.190500,Windows
600,59,122.590100,179.015400,1348.234500,39.658700,1689.498700,Windows
600,60,118.500500,176.242600,1358.802100,39.807700,1693.352900,Windows
600,61,116.784600,179.934900,1361.997700,37.557100,1696.274300,Windows
600,62,115.854300,182.641800,1366.897600,47.287300,1712.681000,Windows
600,63,108.553600,167.632100,1351.542100,37.138300,1664.866100,Windows
600,64,115.303700,172.240500,1350.651100,49.990100,1688.185400,Windows
600,65,121.590700,175.616800,1353.156700,37.055800,1687.420000,Windows
600,66,121.240100,168.049900,1357.237000,37.434100,1683.961100,Windows
600,67,117.703900,175.512400,1361.439700,40.515500,1695.171500,Windows
600,68,119.585500,179.857200,1351.535700,37.620300,1688.598700,Windows
600,69,117.360200,175.453600,1361.302400,46.132800,1700.249000,Windows
600,70,117.809600,179.018700,1362.670500,42.292300,1701.791100,Windows
600,71,118.682500,178.030200,1356.786300,49.679400,1703.178400,Windows
600,72,120.390900,175.398700,1356.246800,37.748700,1689.785100,Windows
600,73,111.253800,175.735300,1350.115600,37.889600,1674.994300,Windows
600,74,112.544700,177.198400,1357.427100,37.180100,1684.350300,Windows
600,75,120.709300,180.309200,1355.248500,41.192600,1697.459600,Windows
600,76,121.345700,179.587400,1356.681400,42.386200,1700.000700,Windows
600,77,114.256400,176.225900,1376.786300,40.424200,1707.692800,Windows
600,78,114.205300,184.908600,1404.589200,41.208700,1744.911800,Windows
600,79,120.680700,168.884800,1624.826100,45.445700,1959.837300,Windows
600,80,127.186400,218.208200,1810.676500,37.738700,2193.809800,Windows
600,81,107.262000,174.225000,1433.436000,37.933200,1752.856200,Windows
600,82,116.203300,191.832000,1493.519400,37.971500,1839.526200,Windows
600,83,108.500700,167.882100,1440.647600,37.656300,1754.686700,Windows
600,84,108.011400,173.287400,1417.166300,29.348000,1727.813100,Windows
600,85,113.613000,125.340700,1401.723300,38.420300,1679.097300,Windows
600,86,108.956600,127.211700,1384.663600,37.075000,1657.906900,Windows
600,87,109.332700,127.670900,1411.355700,40.659200,1689.018500,Windows
600,88,106.538100,127.468500,1382.770600,40.206600,1656.983800,Windows
600,89,108.356400,132.589900,1406.235600,39.620900,1686.802800,Windows
600,90,111.251900,131.928300,1400.115500,37.691700,1680.987400,Windows
600,91,111.205500,137.367300,1404.887600,37.442400,1690.902800,Windows
600,92,110.865900,127.415300,1382.899600,37.297100,1658.477900,Windows
600,93,107.899600,127.911700,1375.348500,40.403100,1651.562900,Windows
600,94,113.233200,142.963800,1377.955200,39.831500,1673.983700,Windows
600,95,119.855500,142.325100,1388.885800,39.264100,1690.330500,Windows
600,96,114.098500,138.879700,1384.063600,42.393500,1679.435300,Windows
600,97,111.102400,135.290100,1372.534400,37.469800,1656.396700,Windows
600,98,119.433200,142.920800,1388.939800,38.691900,1689.985700,Windows
600,99,114.315100,143.941700,1403.782200,42.399600,1704.438600,Windows
600,100,110.440700,131.548900,1406.460100,40.799700,1689.249400,Windows
700,1,148.677200,279.448800,1693.791900,43.454300,2165.372200,Windows
700,2,129.763700,235.470800,1628.156100,47.097300,2040.487900,Windows
700,3,131.878800,217.315800,1623.369900,48.356800,2020.921300,Windows
700,4,129.296400,201.256200,1610.732800,47.390300,1988.675700,Windows
700,5,141.269700,210.191300,1617.077000,48.827400,2017.365400,Windows
700,6,136.414900,212.853600,1622.424300,49.599800,2021.292600,Windows
700,7,129.475200,198.824100,1606.897900,43.991500,1979.188700,Windows
700,8,129.591300,201.134400,1620.855400,49.572900,2001.154000,Windows
700,9,136.529400,208.378500,1652.946100,44.654400,2042.508400,Windows
700,10,127.579400,201.492300,1616.293100,48.941000,1994.305800,Windows
700,11,139.991100,204.465400,1658.154000,62.741600,2065.352100,Windows
700,12,138.553900,242.453000,1623.853200,44.332200,2049.192300,Windows
700,13,125.562100,194.292500,1608.589600,59.389700,1987.833900,Windows
700,14,130.906300,221.591400,1616.346600,44.420400,2013.264700,Windows
700,15,128.456400,195.400100,1608.250200,51.981300,1984.088000,Windows
700,16,140.669600,203.771600,1599.051200,43.732900,1987.225300,Windows
700,17,136.700300,218.778000,1612.142400,54.976000,2022.596700,Windows
700,18,129.660700,199.515300,1610.178400,47.306900,1986.661300,Windows
700,19,138.140100,203.617800,1595.656600,52.286700,1989.701200,Windows
700,20,132.647600,204.257200,1586.399700,49.741600,1973.046100,Windows
700,21,143.474500,205.099400,1593.849300,43.744200,1986.167400,Windows
700,22,128.038200,199.323600,1591.426800,47.097800,1965.886400,Windows
700,23,132.420600,206.868500,1604.255200,54.785100,1998.329400,Windows
700,24,140.887300,214.590800,1610.566000,44.220100,2010.264200,Windows
700,25,124.961500,189.243900,1617.999300,49.131200,1981.335900,Windows
700,26,141.882600,195.132200,1592.412500,45.961300,1975.388600,Windows
700,27,138.030100,215.193000,1606.898400,45.027000,2005.148500,Windows
700,28,126.412100,191.890800,1586.275200,44.356300,1948.934400,Windows
700,29,131.121400,196.230900,1597.457900,45.583100,1970.393300,Windows
700,30,125.111700,190.493300,1590.646900,45.584000,1951.835900,Windows
700,31,123.627000,188.775100,1617.928300,43.798500,1974.128900,Windows
700,32,124.546200,194.834300,1584.039100,43.689600,1947.109200,Windows
700,33,124.195200,192.363500,1586.109900,53.828800,1956.497400,Windows
700,34,131.266000,197.489600,1594.710500,45.285800,1968.751900,Windows
700,35,135.898900,200.538800,1605.788000,46.574600,1988.800300,Windows
700,36,140.565200,204.650400,1588.857800,44.294200,1978.367600,Windows
700,37,136.008800,205.938600,1596.150700,53.258900,1991.357000,Windows
700,38,136.030800,209.504500,1643.156100,47.861600,2036.553000,Windows
700,39,124.526300,196.446100,1607.512100,49.615300,1978.099800,Windows
700,40,126.367600,195.464700,1625.351500,49.683100,1996.866900,Windows
700,41,132.529300,196.276600,1585.970000,48.821100,1963.597000,Windows
700,42,129.392200,205.982800,1578.919300,56.155100,1970.449400,Windows
700,43,138.792500,206.761000,1611.773800,47.597100,2004.924400,Windows
700,44,125.908500,195.948900,1590.590600,44.056300,1956.504300,Windows
700,45,134.326400,205.570000,1597.273800,45.675600,1982.845800,Windows
700,46,130.395600,201.801400,1575.652800,49.693100,1957.542900,Windows
700,47,143.877500,200.740300,1579.710800,48.425000,1972.753600,Windows
700,48,142.268500,205.120900,1599.107800,47.764900,1994.262100,Windows
700,49,128.295000,207.900800,1609.994700,48.590700,1994.781200,Windows
700,50,127.262500,197.343900,1579.617700,58.108700,1962.332800,Windows
700,51,141.108700,205.729200,1588.512900,44.669300,1980.020100,Windows
700,52,130.354700,204.276200,1584.087100,56.116700,1974.834700,Windows
700,53,137.039500,209.224500,1580.688800,43.656100,1970.608900,Windows
700,54,136.742500,209.299100,1579.219400,44.904100,1970.165100,Windows
700,55,132.794100,207.204300,1589.836900,50.017300,1979.852600,Windows
700,56,125.397800,189.111600,1581.319100,53.061900,1948.890400,Windows
700,57,138.233100,197.285100,1584.869300,54.252200,1974.639700,Windows
700,58,140.908700,193.151700,1587.944700,49.785900,1971.791000,Windows
700,59,131.737300,196.384500,1628.883400,43.493300,2000.498500,Windows
700,60,130.071200,194.521600,1572.240500,50.481500,1947.314800,Windows
700,61,140.287300,196.579900,1586.944600,51.061500,1974.873300,Windows
700,62,143.961300,196.381100,1582.435000,47.488900,1970.266300,Windows
700,63,140.764600,194.256600,1579.868400,50.453900,1965.343500,Windows
700,64,142.985700,196.960200,1588.514400,51.142400,1979.602700,Windows
700,65,139.154100,196.401800,1577.887900,47.513900,1960.957700,Windows
700,66,140.106100,198.032100,1590.389800,50.665700,1979.193700,Windows
700,67,144.162300,196.509400,1563.307600,49.672600,1953.651900,Windows
700,68,142.108700,193.498100,1587.158500,51.416600,1974.181900,Windows
700,69,137.791700,196.993200,1585.725600,52.013400,1972.523900,Windows
700,70,142.306000,197.369900,1583.558700,53.641800,1976.876400,Windows
700,71,142.625200,200.390300,1597.203000,51.722000,1991.940500,Windows
700,72,142.703600,197.441300,1588.017500,53.087500,1981.249900,Windows
700,73,143.408600,198.829900,1587.301100,51.695500,1981.235100,Windows
700,74,141.824400,196.177200,1579.730400,46.120400,1963.852400,Windows
700,75,138.957400,195.866100,1588.774600,49.457300,1973.055400,Windows
700,76,140.955500,198.890900,1604.337000,50.307700,1994.491100,Windows
700,77,126.609200,193.473000,1576.555300,47.610900,1944.248400,Windows
700,78,141.925800,200.713300,1585.906500,50.294100,1978.839700,Windows
700,79,141.764700,196.123900,1576.134100,53.933000,1967.955700,Windows
700,80,143.599300,201.512200,1580.624000,54.537400,1980.272900,Windows
700,81,128.727100,192.876100,1585.281500,53.360000,1960.244700,Windows
700,82,142.523300,196.245500,1581.271600,50.909400,1970.949800,Windows
700,83,140.623200,193.762000,1589.852500,51.440200,1975.677900,Windows
700,84,139.694400,195.352900,1581.154100,49.159900,1965.361300,Windows
700,85,139.376900,196.033100,1577.577800,50.420700,1963.408500,Windows
700,86,138.398000,197.157100,1586.802600,52.172100,1974.529800,Windows
700,87,132.488500,203.819600,1593.584200,53.738000,1983.630300,Windows
700,88,127.847300,194.608700,1605.177500,46.711100,1974.344600,Windows
700,89,128.361800,196.634700,1577.246400,58.377000,1960.619900,Windows
700,90,134.209300,200.125100,1569.533400,55.304500,1959.172300,Windows
700,91,142.515900,194.773200,1583.538300,51.136200,1971.963600,Windows
700,92,139.417800,194.707100,1581.393400,57.616200,1973.134500,Windows
700,93,140.920700,197.772200,1574.982500,52.601500,1966.276900,Windows
700,94,144.869700,198.838800,1569.681100,58.423000,1971.812600,Windows
700,95,142.935800,197.697700,1573.931600,56.499300,1971.064400,Windows
700,96,141.545100,197.625800,1573.380200,43.846600,1956.397700,Windows
700,97,122.537600,192.840500,1573.721800,54.115100,1943.215000,Windows
700,98,143.481100,198.499400,1571.180100,55.691900,1968.852500,Windows
700,99,141.118900,199.006000,1577.707900,52.540800,1970.373600,Windows
700,100,141.179300,195.519100,1562.200600,43.311700,1942.210700,Windows
800,1,167.277800,248.905700,1793.363000,51.602800,2261.149300,Windows
800,2,156.600300,244.469100,1830.591500,65.116700,2296.777600,Windows
800,3,147.209400,220.691300,1801.100000,66.146300,2235.147000,Windows
800,4,155.495100,225.371600,1789.955100,65.211800,2236.033600,Windows
800,5,162.522600,226.607600,1795.450000,51.212300,2235.792500,Windows
800,6,158.816900,225.463700,1815.953400,66.052300,2266.286300,Windows
800,7,146.600300,222.931500,1795.156600,58.940300,2223.628700,Windows
800,8,161.518400,219.318200,1794.004000,60.661600,2235.502200,Windows
800,9,160.942800,229.238700,1803.853100,62.136200,2256.170800,Windows
800,10,150.181600,219.982400,1796.421100,65.561700,2232.146800,Windows
800,11,163.779500,224.657000,1798.543700,65.956900,2252.937100,Windows
800,12,162.793800,226.696400,1791.586300,61.032800,2242.109300,Windows
800,13,164.101800,228.707700,1800.279000,81.879700,2274.968200,Windows
800,14,147.818600,220.681700,1791.425300,63.963700,2223.889300,Windows
800,15,161.365400,226.038500,1797.077900,65.895300,2250.377100,Windows
800,16,159.788800,223.809700,1802.439500,63.988400,2250.026400,Windows
800,17,162.975400,227.298400,1808.346200,65.224200,2263.844200,Windows
800,18,162.362500,220.635500,1797.398000,63.322900,2243.718900,Windows
800,19,162.117500,225.383100,1795.375500,63.533900,2246.410000,Windows
800,20,164.367100,226.681200,1796.378300,67.359200,2254.785800,Windows
800,21,162.106200,222.780600,1819.851300,62.551300,2267.289400,Windows
800,22,164.061500,219.938500,1824.504600,50.006800,2258.511400,Windows
800,23,149.868300,220.624700,1809.796900,49.785200,2230.075100,Windows
800,24,156.569600,222.903300,1847.355000,59.055800,2285.883700,Windows
800,25,145.201300,220.469300,1815.825100,52.267600,2233.763300,Windows
800,26,157.758200,226.273200,1796.425600,63.233300,2243.690300,Windows
800,27,164.858200,228.053500,1787.681000,64.256100,2244.848800,Windows
800,28,163.139000,226.267700,1799.369000,56.776800,2245.552500,Windows
800,29,152.647500,222.526300,1798.606600,55.253800,2229.034200,Windows
800,30,159.098000,221.338000,1801.655100,64.346800,2246.437900,Windows
800,31,160.504200,227.694700,1790.985300,51.088600,2230.272800,Windows
800,32,157.678100,224.917000,1794.777300,49.870500,2227.242900,Windows
800,33,148.788700,221.893400,1803.398000,61.957500,2236.037600,Windows
800,34,162.627300,225.882400,1788.926100,56.765800,2234.201600,Windows
800,35,160.262300,229.337900,1811.198900,54.339000,2255.138100,Windows
800,36,151.997800,211.455400,1794.406200,62.782200,2220.641600,Windows
800,37,159.575000,232.704600,1841.306300,52.619700,2286.205600,Windows
800,38,143.792700,215.641400,1807.476000,64.111200,2231.021300,Windows
800,39,160.727400,226.276500,1819.459800,61.809300,2268.273000,Windows
800,40,162.150000,219.045300,1805.386000,58.090600,2244.671900,Windows
800,41,158.284300,225.076500,1813.519700,62.729000,2259.609500,Windows
800,42,162.678800,223.873300,1825.906800,55.466700,2267.925600,Windows
800,43,155.103200,220.669400,1808.229600,61.992100,2245.994300,Windows
800,44,152.224800,223.557600,1815.613000,50.069600,2241.465000,Windows
800,45,149.419500,224.694800,1804.158400,58.760800,2237.033500,Windows
800,46,161.750100,223.683800,1810.947000,50.179700,2246.560600,Windows
800,47,159.622500,223.953700,1814.169400,55.745200,2253.490800,Windows
800,48,158.981200,225.459200,1813.880900,49.689700,2248.011000,Windows
800,49,159.478500,225.610000,1810.582200,61.764300,2257.435000,Windows
800,50,157.593700,223.677400,1802.115200,62.540600,2245.926900,Windows
800,51,166.162500,225.655300,1833.216900,49.507600,2274.542300,Windows
800,52,144.774800,218.103100,1824.557700,64.001400,2251.437000,Windows
800,53,160.676300,225.691300,1782.821700,59.767500,2228.956800,Windows
800,54,164.864200,225.398700,1810.892200,67.219700,2268.374800,Windows
800,55,159.635400,223.477100,1828.869500,63.305800,2275.287800,Windows
800,56,163.518500,220.002700,1832.797500,65.593700,2281.912400,Windows
800,57,143.969500,225.506800,2537.820700,70.218400,2977.515400,Windows
800,58,144.375600,216.120300,1789.313000,74.691300,2224.500200,Windows
800,59,156.286600,226.243600,1824.375400,66.281700,2273.187300,Windows
800,60,150.417800,229.056300,1794.222600,66.284500,2239.981200,Windows
800,61,164.203200,226.336400,1810.860800,54.570800,2255.971200,Windows
800,62,159.150000,227.632700,1805.449300,53.207000,2245.439000,Windows
800,63,169.071000,235.101300,1786.765400,64.276800,2255.214500,Windows
800,64,160.272600,224.551900,1803.381000,63.515700,2251.721200,Windows
800,65,158.940400,221.674700,1788.379700,50.385700,2219.380500,Windows
800,66,157.058600,226.598900,1804.392100,50.890400,2238.940000,Windows
800,67,162.075800,224.272100,1800.314800,57.314200,2243.976900,Windows
800,68,157.088700,222.187100,1799.386100,59.155800,2237.817700,Windows
800,69,161.003800,224.627400,1796.794200,52.681800,2235.107200,Windows
800,70,159.836500,224.972800,1816.764600,49.736600,2251.310500,Windows
800,71,156.651400,224.919000,1800.808900,61.939300,2244.318600,Windows
800,72,163.282300,225.184500,1790.099200,59.304700,2237.870700,Windows
800,73,161.507100,224.001500,1804.218300,51.361800,2241.088700,Windows
800,74,160.612400,222.633100,1815.626300,58.542900,2257.414700,Windows
800,75,163.578700,226.255100,1811.399900,52.524800,2253.758500,Windows
800,76,162.115800,225.456000,1815.273900,56.259400,2259.105100,Windows
800,77,163.097900,223.736900,1810.761700,54.672100,2252.268600,Windows
800,78,164.766100,225.581400,1828.959900,61.071300,2280.378700,Windows
800,79,146.106800,221.237500,1817.259100,52.655000,2237.258400,Windows
800,80,160.400400,223.945600,1814.884200,51.612900,2250.843100,Windows
800,81,159.669500,227.321800,1817.556700,57.942400,2262.490400,Windows
800,82,160.112400,225.079500,1797.050000,58.558500,2240.800400,Windows
800,83,176.022300,252.785400,1804.722000,50.493200,2284.022900,Windows
800,84,156.184400,224.139900,1788.411900,65.123300,2233.859500,Windows
800,85,161.891300,228.300600,1797.313400,59.044200,2246.549500,Windows
800,86,160.529900,226.295900,1801.968400,50.615800,2239.410000,Windows
800,87,155.050200,215.973400,1820.782800,59.558800,2251.365200,Windows
800,88,154.512900,222.421200,1824.932500,63.551100,2265.417700,Windows
800,89,162.965100,227.666800,1817.586000,56.901500,2265.119400,Windows
800,90,160.366000,222.684800,1830.766800,60.091800,2273.909400,Windows
800,91,160.868400,226.374800,1838.279600,49.860900,2275.383700,Windows
800,92,158.674900,223.715300,1844.398400,61.657500,2288.446100,Windows
800,93,149.530500,222.706200,1812.384000,62.011000,2246.631700,Windows
800,94,163.752900,223.469500,1817.751600,57.052700,2262.026700,Windows
800,95,158.893000,227.726600,1836.732400,62.508000,2285.860000,Windows
800,96,161.062400,227.733300,1823.660200,56.305500,2268.761400,Windows
800,97,156.979900,224.603500,1828.090500,60.347900,2270.021800,Windows
800,98,162.577500,224.384200,1834.293400,61.942800,2283.197900,Windows
800,99,161.872100,224.197100,1824.175900,60.111100,2270.356200,Windows
800,100,161.422900,219.747700,1818.455100,66.176000,2265.801700,Windows
900,1,185.989500,274.397400,2056.862600,69.512200,2586.761700,Windows
900,2,168.054800,271.955600,2241.436100,66.512900,2747.959400,Windows
900,3,166.452700,260.961900,2127.607300,58.860400,2613.882300,Windows
900,4,165.867400,251.365200,2056.665200,72.343000,2546.240800,Windows
900,5,184.225600,259.838600,2016.671900,72.058600,2532.794700,Windows
900,6,183.867200,262.812000,2008.172300,74.150800,2529.002300,Windows
900,7,189.562700,256.466900,2038.900300,56.017200,2540.947100,Windows
900,8,176.911200,250.498300,2051.707100,56.364200,2535.480800,Windows
900,9,178.030700,250.280900,2035.210100,60.223300,2523.745000,Windows
900,10,173.179200,252.133700,2044.765500,69.999000,2540.077400,Windows
900,11,184.804200,249.958200,2056.857700,70.679400,2562.299500,Windows
900,12,181.071300,255.623800,2033.493200,56.075000,2526.263300,Windows
900,13,164.369700,243.592500,2034.311300,69.164800,2511.438300,Windows
900,14,178.866400,250.278100,2019.311600,75.998000,2524.454100,Windows
900,15,184.298600,261.219100,2024.441600,55.701700,2525.661000,Windows
900,16,181.776700,253.774400,2029.578400,73.371800,2538.501300,Windows
900,17,185.356000,250.792700,2036.017000,66.784100,2538.949800,Windows
900,18,182.296100,252.841300,2028.703300,61.501100,2525.341800,Windows
900,19,181.898500,254.591200,2044.002700,72.402500,2552.894900,Windows
900,20,176.166300,253.438600,2028.045700,73.315100,2530.965700,Windows
900,21,182.077200,249.396300,2044.122100,69.779400,2545.375000,Windows
900,22,181.100000,257.101200,2050.888000,72.775300,2561.864500,Windows
900,23,182.914300,256.372500,2025.873700,72.886200,2538.046700,Windows
900,24,181.276700,253.633600,2016.194600,69.556800,2520.661700,Windows
900,25,183.356900,254.279200,2022.871800,72.439000,2532.946900,Windows
900,26,182.851300,254.526100,2021.724300,71.034100,2530.135800,Windows
900,27,185.739000,259.952100,3003.475000,132.898400,3582.064500,Windows
900,28,175.743900,275.403800,2402.993300,95.829700,2949.970700,Windows
900,29,167.470300,251.124200,2096.041700,97.106400,2611.742600,Windows
900,30,191.876800,257.235700,2082.260200,98.020200,2629.392900,Windows
900,31,193.344200,263.704600,2048.910500,67.100700,2573.060000,Windows
900,32,166.867900,232.762300,2051.633800,93.796400,2545.060400,Windows
900,33,191.139200,258.500400,2093.596400,86.522600,2629.758600,Windows
900,34,176.183900,233.201200,2096.900100,106.265100,2612.550300,Windows
900,35,183.951700,256.533800,2065.422300,94.244700,2600.152500,Windows
900,36,179.744600,247.238800,2067.388500,97.580600,2591.952500,Windows
900,37,172.755000,252.935000,2032.561400,98.267000,2556.518400,Windows
900,38,183.406600,264.085700,2088.436800,95.418300,2631.347400,Windows
900,39,167.700700,246.169500,2044.093700,96.317700,2554.281600,Windows
900,40,184.850700,246.400400,2037.943600,93.585900,2562.780600,Windows
900,41,186.618700,255.598500,2068.786000,57.596100,2568.599300,Windows
900,42,193.440900,256.709800,2051.482700,99.561100,2601.194500,Windows
900,43,184.768000,255.433100,2028.890700,96.484800,2565.576600,Windows
900,44,190.483600,254.269100,2040.823800,93.648600,2579.225100,Windows
900,45,184.498100,261.856600,2031.876100,93.293500,2571.524300,Windows
900,46,184.604000,256.483500,2063.791400,95.720400,2600.599300,Windows
900,47,186.017500,257.101700,2031.990800,96.011300,2571.121300,Windows
900,48,186.707100,260.779600,2053.807300,107.557100,2608.851100,Windows
900,49,189.512900,254.599200,2047.094800,98.587400,2589.794300,Windows
900,50,193.202000,254.533800,2050.930300,93.134300,2591.800400,Windows
900,51,185.751900,265.519500,2114.678100,95.738200,2661.687700,Windows
900,52,186.944600,264.623200,2099.783100,96.149400,2647.500300,Windows
900,53,189.101700,262.574700,2104.179800,95.815900,2651.672100,Windows
900,54,192.253300,271.324800,2101.022300,95.782000,2660.382400,Windows
900,55,185.433800,257.502100,2108.429800,95.770400,2647.136100,Windows
900,56,187.778400,263.699600,2103.257100,98.356900,2653.092000,Windows
900,57,187.331300,258.366400,2102.570400,96.855900,2645.124000,Windows
900,58,185.600300,257.907100,2178.627200,88.305300,2710.439900,Windows
900,59,170.917600,230.554900,4106.430200,56.454700,4564.357400,Windows
900,60,1071.815900,1943.506000,7747.503500,64.548300,10827.373700,Windows
900,61,163.212500,249.208900,2026.479700,74.547200,2513.448300,Windows
900,62,183.039200,258.669100,2014.671500,74.220400,2530.600200,Windows
900,63,183.366600,253.606900,2023.967300,72.502300,2533.443100,Windows
900,64,183.763800,254.619000,2019.113200,62.457700,2519.953700,Windows
900,65,189.916500,255.342400,2020.224900,73.346000,2538.829800,Windows
900,66,185.651100,260.213100,2019.074200,75.598200,2540.536600,Windows
900,67,184.193700,257.153200,2034.297500,58.956000,2534.600400,Windows
900,68,162.476800,244.551100,2029.249300,65.644800,2501.922000,Windows
900,69,182.746100,255.035500,2023.443400,64.866700,2526.091700,Windows
900,70,179.838500,256.830000,2036.505800,66.107100,2539.281400,Windows
900,71,164.472900,250.445000,2034.685300,55.481000,2505.084200,Windows
900,72,183.548400,253.564800,2026.320200,56.897300,2520.330700,Windows
900,73,178.748200,254.463700,2038.703800,64.862300,2536.778000,Windows
900,74,180.418300,254.824100,2043.519800,69.410900,2548.173100,Windows
900,75,183.262200,257.268100,2021.600500,55.975600,2518.106400,Windows
900,76,181.693200,255.850400,2037.249900,62.337000,2537.130500,Windows
900,77,183.531800,261.075900,2042.676000,67.062500,2554.346200,Windows
900,78,183.042300,254.776000,2051.445300,69.323900,2558.587500,Windows
900,79,177.051400,254.149200,2057.473700,71.589200,2560.263500,Windows
900,80,165.519400,256.017100,2060.404300,58.794300,2540.735100,Windows
900,81,164.723700,248.121000,2054.061000,68.440100,2535.345800,Windows
900,82,183.291700,254.904700,2058.910300,66.391300,2563.498000,Windows
900,83,181.627400,255.398200,2057.460100,71.657000,2566.142700,Windows
900,84,184.527500,255.468300,2052.799800,68.867700,2561.663300,Windows
900,85,183.872600,254.578500,2050.730900,65.775700,2554.957700,Windows
900,86,184.311700,252.810500,2054.184600,68.796700,2560.103500,Windows
900,87,178.542200,251.987200,2056.421900,69.529400,2556.480700,Windows
900,88,184.238100,255.503400,2043.716800,65.410000,2548.868300,Windows
900,89,183.522500,255.863600,2051.535300,67.264600,2558.186000,Windows
900,90,181.979700,253.821600,2048.784300,70.106700,2554.692300,Windows
900,91,182.995400,254.276600,2051.037800,63.201300,2551.511100,Windows
900,92,183.923000,254.368200,2044.295700,70.223200,2552.810100,Windows
900,93,183.451700,253.792800,2040.554400,67.167200,2544.966100,Windows
900,94,181.684700,249.601400,2037.177000,59.300500,2527.763600,Windows
900,95,175.735000,252.742000,2055.149500,60.398500,2544.025000,Windows
900,96,184.062100,258.575400,2044.205400,69.799300,2556.642200,Windows
900,97,183.920200,255.703000,2050.228400,56.694800,2546.546400,Windows
900,98,179.185700,249.579400,2036.894200,66.808200,2532.467500,Windows
900,99,179.235400,253.658700,2031.152000,67.117100,2531.163200,Windows
900,100,182.636800,255.438500,2022.568400,73.230400,2533.874100,Windows
1000,1,207.326000,293.046900,2248.726600,67.666200,2816.765700,Windows
1000,2,201.282000,302.001500,2280.363000,78.723600,2862.370100,Windows
1000,3,189.096100,279.884300,2256.950100,81.786900,2807.717400,Windows
1000,4,204.786700,282.025900,2266.929300,75.711300,2829.453200,Windows
1000,5,206.252000,277.992200,2251.313700,75.940200,2811.498100,Windows
1000,6,203.325800,278.303500,2276.004500,74.609900,2832.243700,Windows
1000,7,199.507200,282.252800,2253.577600,79.831100,2815.168700,Windows
1000,8,202.185700,281.473500,2257.400600,81.857800,2822.917600,Windows
1000,9,202.173200,279.375600,2243.254500,82.652300,2807.455600,Windows
1000,10,203.289200,286.083700,2263.131400,82.539900,2835.044200,Windows
1000,11,205.475000,281.058900,2255.678900,83.137800,2825.350600,Windows
1000,12,208.897600,279.283700,2238.577800,67.034300,2793.793400,Windows
1000,13,205.752200,281.608900,2239.477200,82.873400,2809.711700,Windows
1000,14,205.470100,281.953300,2242.600900,82.839500,2812.863800,Windows
1000,15,203.507600,281.410600,2239.509100,69.740900,2794.168200,Windows
1000,16,201.019400,276.919400,2242.988800,81.392000,2802.319600,Windows
1000,17,200.272100,282.797600,2239.065900,61.914900,2784.050500,Windows
1000,18,200.509100,282.827900,2249.344600,69.377500,2802.059100,Windows
1000,19,201.153100,279.589600,2236.871000,82.764900,2800.378600,Windows
1000,20,204.527600,282.994200,2244.300900,61.971200,2793.793900,Windows
1000,21,197.672900,278.991800,2254.103000,78.583000,2809.350700,Windows
1000,22,186.521800,282.450300,2245.136300,66.719400,2780.827800,Windows
1000,23,202.109200,282.311200,2263.825700,74.040000,2822.286100,Windows
1000,24,183.464800,286.371500,2253.015600,81.321200,2804.173100,Windows
1000,25,203.048000,275.667200,2246.257000,79.396300,2804.368500,Windows
1000,26,195.378200,289.746600,2238.769400,72.570300,2796.464500,Windows
1000,27,204.532500,283.466600,2248.308600,62.035000,2798.342700,Windows
1000,28,193.664600,278.874200,2314.692700,64.275000,2851.506500,Windows
1000,29,181.969100,265.859600,2260.719900,77.973000,2786.521600,Windows
1000,30,202.564800,284.184800,2269.730600,62.142300,2818.622500,Windows
1000,31,182.114900,277.423700,2251.883800,72.994900,2784.417300,Windows
1000,32,202.668800,280.160900,2251.402900,77.509000,2811.741600,Windows
1000,33,203.702600,283.515900,2261.442900,64.741400,2813.402800,Windows
1000,34,199.517600,280.890800,2263.099500,78.071300,2821.579200,Windows
1000,35,202.724900,281.723700,2246.038600,73.090200,2803.577400,Windows
1000,36,203.688500,282.313400,2258.024300,75.963700,2819.989900,Windows
1000,37,205.968200,284.262600,2238.102700,80.409200,2808.742700,Windows
1000,38,207.721500,288.475500,2244.818400,81.340400,2822.355800,Windows
1000,39,203.983700,276.876700,2242.531100,80.028300,2803.419800,Windows
1000,40,202.489500,279.238800,2230.077400,66.958400,2778.764100,Windows
1000,41,200.103000,283.906100,2238.115600,81.731900,2803.856600,Windows
1000,42,203.398400,279.042300,2233.441000,80.556600,2796.438300,Windows
1000,43,203.775400,288.391300,2233.457300,83.629700,2809.253700,Windows
1000,44,204.075100,279.210100,2236.315400,76.175100,2795.775700,Windows
1000,45,201.956800,278.612200,2259.339500,81.812300,2821.720800,Windows
1000,46,205.350000,285.715600,2240.441900,81.309600,2812.817100,Windows
1000,47,207.451000,286.375200,2233.625900,71.226200,2798.678300,Windows
1000,48,200.833100,278.336400,2271.035000,62.200200,2812.404700,Windows
1000,49,179.113000,283.079300,2252.425300,70.509800,2785.127400,Windows
1000,50,197.801100,284.048700,2249.357900,62.376600,2793.584300,Windows
1000,51,187.459200,283.033600,2235.176700,73.353200,2779.022700,Windows
1000,52,208.831700,284.404700,2303.102800,70.608600,2866.947800,Windows
1000,53,182.843700,286.630100,2270.169200,63.791100,2803.434100,Windows
1000,54,195.039300,282.272100,2292.570900,66.763000,2836.645300,Windows
1000,55,201.360600,281.956600,2233.858500,64.975400,2782.151100,Windows
1000,56,205.413600,279.593600,2257.038300,73.144900,2815.190400,Windows
1000,57,201.634100,282.552100,2252.755300,74.759600,2811.701100,Windows
1000,58,208.941500,282.751900,2245.467500,62.671600,2799.832500,Windows
1000,59,195.492000,283.547000,2261.206900,71.006300,2811.252200,Windows
1000,60,204.769500,285.738300,2250.774000,69.641500,2810.923300,Windows
1000,61,203.383100,283.140800,2248.063300,70.487300,2805.074500,Windows
1000,62,202.369200,283.994800,2244.654800,77.285200,2808.304000,Windows
1000,63,203.236600,283.804500,2256.840300,63.885300,2807.766700,Windows
1000,64,198.014500,283.829000,2351.229800,69.275100,2902.348400,Windows
1000,65,180.027500,320.726300,2308.509600,67.207500,2876.470900,Windows
1000,66,179.253800,285.918200,2340.009100,62.441200,2867.622300,Windows
1000,67,181.572400,259.511100,2273.650300,69.804900,2784.538700,Windows
1000,68,198.985300,278.337500,2246.197200,68.122700,2791.642700,Windows
1000,69,199.257100,282.109800,2245.955600,62.283600,2789.606100,Windows
1000,70,196.963500,285.386900,2259.198600,77.361800,2818.910800,Windows
1000,71,205.251600,280.976100,2248.521000,74.120700,2808.869400,Windows
1000,72,195.704900,281.416300,2268.380100,74.139400,2819.640700,Windows
1000,73,201.691500,280.068600,2267.485500,77.870300,2827.115900,Windows
1000,74,203.435400,284.336800,2265.267200,69.484000,2822.523400,Windows
1000,75,203.299400,284.497600,2275.094700,73.811000,2836.702700,Windows
1000,76,202.512400,278.970000,2286.668100,62.932400,2831.082900,Windows
1000,77,192.612000,280.774900,2275.160900,70.825900,2819.373700,Windows
1000,78,204.191800,278.069000,2277.360200,62.535600,2822.156600,Windows
1000,79,197.424400,281.864500,2283.812500,71.860700,2834.962100,Windows
1000,80,206.093500,282.608900,2286.735000,78.620300,2854.057700,Windows
1000,81,204.572300,283.055000,2272.153900,69.902000,2829.683200,Windows
1000,82,207.506200,278.574300,2259.270100,68.297200,2813.647800,Windows
1000,83,196.639400,282.743300,2283.206500,69.118900,2831.708100,Windows
1000,84,204.321300,281.612600,2268.076800,68.039200,2822.049900,Windows
1000,85,201.190400,283.555200,2278.734300,71.613700,2835.093600,Windows
1000,86,200.957300,288.187500,2285.116900,81.696900,2855.958600,Windows
1000,87,200.944500,286.631800,2281.306200,61.795700,2830.678200,Windows
1000,88,187.847900,284.486700,2375.905400,79.936900,2928.176900,Windows
1000,89,186.605500,279.112100,2272.764700,62.332900,2800.815200,Windows
1000,90,180.148500,274.688900,2253.682900,77.170100,2785.690400,Windows
1000,91,203.718800,282.481400,2272.468700,76.317500,2834.986400,Windows
1000,92,203.135500,281.365200,2269.659800,63.937100,2818.097600,Windows
1000,93,197.447700,279.515000,2272.158500,64.385300,2813.506500,Windows
1000,94,201.382800,277.626000,2260.247600,70.195500,2809.451900,Windows
1000,95,201.609500,284.295700,2284.162800,67.857600,2837.925600,Windows
1000,96,203.638400,285.655000,2286.577000,77.782400,2853.652800,Windows
1000,97,204.375900,280.172400,2269.322000,70.687200,2824.557500,Windows
1000,98,200.820200,280.158000,2279.839700,77.969800,2838.787700,Windows
1000,99,205.523300,279.279300,2297.856700,63.019000,2845.678300,Windows
1000,100,179.018500,279.514100,2287.754100,62.627700,2808.914400,Windows
